radius,xi,mass,luminosity,pressure,temperature,density,egr,theta,y
1.392e+006,0.0138135,2.58614e+024,3.8013e+021,1.24e+016,1.34e+007,76300,0.00146987,1,0.00167774
2.784e+006,0.0276269,8.62047e+024,1.2671e+022,1.24e+016,1.34e+007,76300,0.00146987,1,0.00169505
4.176e+006,0.0414404,2.49994e+025,3.67459e+022,1.24e+016,1.34e+007,76300,0.00146987,1,0.00172811
5.568e+006,0.0552539,5.68951e+025,8.36286e+022,1.24e+016,1.34e+007,76300,0.00146987,1,0.0017822
6.96e+006,0.0690673,1.0948e+026,1.60922e+023,1.24e+016,1.34e+007,76300,0.00146987,1,0.00186261
8.352e+006,0.0828808,1.87926e+026,2.76228e+023,1.24e+016,1.34e+007,76300,0.00146987,1,0.00197463
9.744e+006,0.0966943,2.97406e+026,4.37149e+023,1.24e+016,1.34e+007,76300,0.00146987,1,0.00212353
1.1136e+007,0.110508,4.43092e+026,6.51289e+023,1.24e+016,1.34e+007,76300,0.00146987,1,0.00231458
1.2528e+007,0.124321,6.30156e+026,9.2625e+023,1.24e+016,1.34e+007,76300,0.00146987,1,0.00255306
1.392e+007,0.138135,8.63771e+026,1.26963e+024,1.24e+016,1.34e+007,76300,0.00146987,1,0.00284427
1.5312e+007,0.151948,1.14911e+027,1.68904e+024,1.24e+016,1.34e+007,76300,0.00146987,1,0.00319347
1.6704e+007,0.165762,1.49134e+027,2.19208e+024,1.24e+016,1.34e+007,76300,0.00146987,1,0.00360595
1.8096e+007,0.179575,1.89564e+027,2.78635e+024,1.24e+016,1.34e+007,76300,0.00146987,1,0.00408699
1.9488e+007,0.193389,2.36694e+027,3.47786e+024,1.23751e+016,1.33933e+007,76185.2,0.00146472,0.999498,0.00464105
2.088e+007,0.207202,2.90927e+027,4.26797e+024,1.23012e+016,1.33732e+007,75843.4,0.00144943,0.998001,0.00527128
2.2272e+007,0.221015,3.52616e+027,5.15733e+024,1.22274e+016,1.33531e+007,75502.1,0.00143426,0.996502,0.00598222
2.3664e+007,0.234829,4.22203e+027,6.15001e+024,1.21534e+016,1.33329e+007,75159.1,0.0014191,0.994991,0.00677831
2.5056e+007,0.248642,5.00121e+027,7.2497e+024,1.20788e+016,1.33124e+007,74812.9,0.0014039,0.993461,0.00766388
2.6448e+007,0.262456,5.86792e+027,8.45972e+024,1.20034e+016,1.32915e+007,74462.3,0.00138859,0.991906,0.00864318
2.784e+007,0.276269,6.82629e+027,9.78299e+024,1.19269e+016,1.32703e+007,74106.2,0.00137315,0.990323,0.00972035
2.9232e+007,0.290083,7.88036e+027,1.1222e+025,1.18493e+016,1.32487e+007,73744,0.00135754,0.988706,0.0108994
3.0624e+007,0.303896,9.03404e+027,1.27789e+025,1.17703e+016,1.32265e+007,73375,0.00134174,0.987055,0.0121843
3.2016e+007,0.31771,1.02911e+028,1.44554e+025,1.16899e+016,1.32039e+007,72998.8,0.00132574,0.985365,0.0135789
3.3408e+007,0.331523,1.16554e+028,1.62528e+025,1.1608e+016,1.31807e+007,72615.1,0.00130954,0.983635,0.0150867
3.48e+007,0.345337,1.31303e+028,1.8172e+025,1.15247e+016,1.3157e+007,72223.6,0.00129313,0.981865,0.0167115
3.6192e+007,0.35915,1.47193e+028,2.02135e+025,1.14398e+016,1.31327e+007,71824.2,0.0012765,0.980051,0.0184566
3.7584e+007,0.372964,1.64259e+028,2.23774e+025,1.13533e+016,1.31078e+007,71416.8,0.00125967,0.978195,0.0203253
3.8976e+007,0.386777,1.82531e+028,2.46633e+025,1.12653e+016,1.30823e+007,71001.3,0.00124264,0.976294,0.0223209
4.0368e+007,0.400591,2.02042e+028,2.70708e+025,1.11758e+016,1.30563e+007,70577.8,0.00122541,0.974349,0.0244463
4.176e+007,0.414404,2.22819e+028,2.95986e+025,1.10848e+016,1.30296e+007,70146.2,0.001208,0.972359,0.0267046
4.3152e+007,0.428217,2.44892e+028,3.22454e+025,1.09923e+016,1.30023e+007,69706.6,0.00119041,0.970323,0.0290985
4.4544e+007,0.442031,2.68288e+028,3.50094e+025,1.08983e+016,1.29745e+007,69259.2,0.00117265,0.968243,0.0316306
4.5936e+007,0.455844,2.93031e+028,3.78885e+025,1.08029e+016,1.2946e+007,68804,0.00115475,0.966117,0.0343034
4.7328e+007,0.469658,3.19146e+028,4.08803e+025,1.07061e+016,1.29169e+007,68341.1,0.0011367,0.963946,0.0371193
4.872e+007,0.483471,3.46655e+028,4.39821e+025,1.0608e+016,1.28872e+007,67870.8,0.00111853,0.961729,0.0400805
5.0112e+007,0.497285,3.7558e+028,4.71908e+025,1.05086e+016,1.28569e+007,67393.2,0.00110025,0.959468,0.0431891
5.1504e+007,0.511098,4.05941e+028,5.05031e+025,1.04079e+016,1.2826e+007,66908.4,0.00108188,0.957162,0.046447
5.2896e+007,0.524912,4.37756e+028,5.39154e+025,1.0306e+016,1.27945e+007,66416.7,0.00106342,0.954811,0.049856
5.4288e+007,0.538725,4.71042e+028,5.7424e+025,1.02031e+016,1.27624e+007,65918.3,0.00104489,0.952417,0.0534178
5.568e+007,0.552539,5.05815e+028,6.10248e+025,1.0099e+016,1.27297e+007,65413.3,0.00102631,0.949979,0.0571337
5.7072e+007,0.566352,5.42089e+028,6.47136e+025,9.99388e+015,1.26965e+007,64902.1,0.00100769,0.947498,0.0610053
5.8464e+007,0.580166,5.79876e+028,6.84859e+025,9.88781e+015,1.26626e+007,64384.8,0.000989048,0.944974,0.0650336
5.9856e+007,0.593979,6.19189e+028,7.23372e+025,9.78084e+015,1.26283e+007,63861.7,0.000970399,0.942407,0.0692197
6.1248e+007,0.607793,6.60036e+028,7.62626e+025,9.67302e+015,1.25933e+007,63333,0.000951757,0.939799,0.0735646
6.264e+007,0.621606,7.02427e+028,8.02575e+025,9.56442e+015,1.25578e+007,62798.9,0.000933135,0.93715,0.078069
6.4032e+007,0.635419,7.46369e+028,8.43167e+025,9.45509e+015,1.25218e+007,62259.8,0.000914548,0.934461,0.0827335
6.5424e+007,0.649233,7.91867e+028,8.84352e+025,9.34509e+015,1.24852e+007,61715.7,0.000896011,0.931731,0.0875587
6.6816e+007,0.663046,8.38925e+028,9.26079e+025,9.23449e+015,1.24481e+007,61167.1,0.000877536,0.928962,0.0925448
6.8208e+007,0.67686,8.87547e+028,9.68296e+025,9.12335e+015,1.24105e+007,60614.2,0.000859136,0.926154,0.097692
6.96e+007,0.690673,9.37735e+028,1.01095e+026,9.01173e+015,1.23723e+007,60057.1,0.000840826,0.923308,0.103001
7.0992e+007,0.704487,9.89488e+028,1.05399e+026,8.89968e+015,1.23337e+007,59496.2,0.000822616,0.920425,0.10847
7.2384e+007,0.7183,1.04281e+029,1.09737e+026,8.78728e+015,1.22946e+007,58931.7,0.00080452,0.917504,0.114101
7.3776e+007,0.732114,1.09768e+029,1.14102e+026,8.67457e+015,1.22549e+007,58363.9,0.000786549,0.914548,0.119892
7.5168e+007,0.745927,1.15412e+029,1.18491e+026,8.56162e+015,1.22149e+007,57793,0.000768713,0.911556,0.125844
7.656e+007,0.759741,1.21212e+029,1.22897e+026,8.44848e+015,1.21743e+007,57219.3,0.000751025,0.90853,0.131955
7.7952e+007,0.773554,1.27165e+029,1.27316e+026,8.33522e+015,1.21333e+007,56643,0.000733494,0.905469,0.138224
7.9344e+007,0.787368,1.33273e+029,1.31743e+026,8.22188e+015,1.20918e+007,56064.3,0.000716129,0.902376,0.144652
8.0736e+007,0.801181,1.39535e+029,1.36173e+026,8.10853e+015,1.20499e+007,55483.6,0.000698941,0.899249,0.151237
8.2128e+007,0.814995,1.45948e+029,1.406e+026,7.99521e+015,1.20076e+007,54901.1,0.000681938,0.896091,0.157978
8.352e+007,0.828808,1.52513e+029,1.45022e+026,7.88199e+015,1.19649e+007,54316.9,0.000665128,0.892902,0.164874
8.4912e+007,0.842621,1.59227e+029,1.49432e+026,7.76892e+015,1.19217e+007,53731.5,0.000648519,0.889682,0.171923
8.6304e+007,0.856435,1.66091e+029,1.53826e+026,7.65604e+015,1.18782e+007,53144.9,0.000632119,0.886432,0.179125
8.7696e+007,0.870248,1.73101e+029,1.58201e+026,7.54341e+015,1.18343e+007,52557.4,0.000615935,0.883154,0.186477
8.9088e+007,0.884062,1.80258e+029,1.62551e+026,7.43107e+015,1.179e+007,51969.3,0.000599973,0.879847,0.193978
9.048e+007,0.897875,1.87558e+029,1.66873e+026,7.31907e+015,1.17453e+007,51380.7,0.000584238,0.876513,0.201626
9.1872e+007,0.911689,1.95001e+029,1.71164e+026,7.20746e+015,1.17002e+007,50792,0.000568736,0.873153,0.20942
9.3264e+007,0.925502,2.02585e+029,1.75419e+026,7.09629e+015,1.16549e+007,50203.2,0.000553473,0.869766,0.217358
9.4656e+007,0.939316,2.10308e+029,1.79635e+026,6.98559e+015,1.16091e+007,49614.7,0.000538453,0.866354,0.225437
9.6048e+007,0.953129,2.18168e+029,1.83809e+026,6.87542e+015,1.15631e+007,49026.7,0.000523679,0.862918,0.233656
9.744e+007,0.966943,2.26163e+029,1.87937e+026,6.7658e+015,1.15167e+007,48439.3,0.000509155,0.859457,0.242012
9.8832e+007,0.980756,2.3429e+029,1.92017e+026,6.65678e+015,1.14701e+007,47852.7,0.000494885,0.855974,0.250503
1.00224e+008,0.99457,2.42548e+029,1.96046e+026,6.54841e+015,1.14231e+007,47267.2,0.000480872,0.852469,0.259128
1.01616e+008,1.00838,2.50935e+029,2.00021e+026,6.4407e+015,1.13758e+007,46682.9,0.000467116,0.848942,0.267882
1.03008e+008,1.0222,2.59447e+029,2.03939e+026,6.33371e+015,1.13283e+007,46100.1,0.000453621,0.845394,0.276765
1.044e+008,1.03601,2.68083e+029,2.07799e+026,6.22746e+015,1.12805e+007,45518.9,0.000440389,0.841826,0.285774
1.05792e+008,1.04982,2.7684e+029,2.11599e+026,6.12199e+015,1.12324e+007,44939.4,0.000427419,0.838239,0.294905
1.07184e+008,1.06364,2.85717e+029,2.15336e+026,6.01732e+015,1.11841e+007,44362,0.000414713,0.834633,0.304157
1.08576e+008,1.07745,2.94709e+029,2.19009e+026,5.91349e+015,1.11355e+007,43786.6,0.000402271,0.831009,0.313527
1.09968e+008,1.09126,3.03814e+029,2.22616e+026,5.81053e+015,1.10867e+007,43213.6,0.000390094,0.827368,0.323012
1.1136e+008,1.10508,3.13031e+029,2.26157e+026,5.70846e+015,1.10377e+007,42643,0.000378181,0.82371,0.332609
1.12752e+008,1.11889,3.22356e+029,2.29629e+026,5.60731e+015,1.09885e+007,42075,0.000366532,0.820036,0.342316
1.14144e+008,1.1327,3.31786e+029,2.33031e+026,5.50709e+015,1.09391e+007,41509.7,0.000355145,0.816348,0.352129
1.15536e+008,1.14652,3.41319e+029,2.36363e+026,5.40784e+015,1.08894e+007,40947.4,0.00034402,0.812645,0.362046
1.16928e+008,1.16033,3.50952e+029,2.39625e+026,5.30958e+015,1.08396e+007,40388.1,0.000333156,0.808928,0.372063
1.1832e+008,1.17414,3.60682e+029,2.42815e+026,5.21233e+015,1.07896e+007,39832,0.00032255,0.805198,0.382179
1.19712e+008,1.18796,3.70505e+029,2.45932e+026,5.11609e+015,1.07395e+007,39279.2,0.000312201,0.801455,0.392389
1.21104e+008,1.20177,3.80421e+029,2.48977e+026,5.0209e+015,1.06892e+007,38729.7,0.000302107,0.797701,0.402691
1.22496e+008,1.21559,3.90424e+029,2.5195e+026,4.92677e+015,1.06387e+007,38183.9,0.000292264,0.793935,0.413082
1.23888e+008,1.2294,4.00513e+029,2.5485e+026,4.83371e+015,1.05881e+007,37641.7,0.000282672,0.790159,0.423559
1.2528e+008,1.24321,4.10684e+029,2.57678e+026,4.74174e+015,1.05374e+007,37103.2,0.000273327,0.786374,0.434119
1.26672e+008,1.25703,4.20935e+029,2.60432e+026,4.65087e+015,1.04866e+007,36568.6,0.000264226,0.782579,0.444758
1.28064e+008,1.27084,4.31262e+029,2.63115e+026,4.5611e+015,1.04356e+007,36038,0.000255367,0.778775,0.455474
1.29456e+008,1.28465,4.41662e+029,2.65726e+026,4.47246e+015,1.03845e+007,35511.4,0.000246745,0.774964,0.466263
1.30848e+008,1.29847,4.52133e+029,2.68266e+026,4.38495e+015,1.03333e+007,34989,0.000238358,0.771145,0.477123
1.3224e+008,1.31228,4.62672e+029,2.70735e+026,4.29858e+015,1.02821e+007,34470.9,0.000230203,0.767319,0.48805
1.33632e+008,1.32609,4.73275e+029,2.73133e+026,4.21335e+015,1.02307e+007,33957,0.000222275,0.763487,0.499042
1.35024e+008,1.33991,4.83939e+029,2.75463e+026,4.12928e+015,1.01793e+007,33447.5,0.000214571,0.759649,0.510094
1.36416e+008,1.35372,4.94662e+029,2.77723e+026,4.04636e+015,1.01278e+007,32942.5,0.000207088,0.755807,0.521205
1.37808e+008,1.36753,5.0544e+029,2.79916e+026,3.9646e+015,1.00763e+007,32442,0.000199821,0.75196,0.532371
1.392e+008,1.38135,5.16271e+029,2.82042e+026,3.88401e+015,1.00247e+007,31946.1,0.000192767,0.748108,0.543589
1.40592e+008,1.39516,5.27152e+029,2.84102e+026,3.80458e+015,9.973e+006,31454.9,0.000185921,0.744254,0.554855
1.41984e+008,1.40897,5.38079e+029,2.86097e+026,3.72632e+015,9.92132e+006,30968.4,0.00017928,0.740397,0.566168
1.43376e+008,1.42279,5.4905e+029,2.88028e+026,3.64922e+015,9.8696e+006,30486.6,0.000172839,0.736537,0.577523
1.44768e+008,1.4366,5.60061e+029,2.89897e+026,3.5733e+015,9.81786e+006,30009.6,0.000166595,0.732676,0.588919
1.4616e+008,1.45041,5.71111e+029,2.91704e+026,3.49854e+015,9.7661e+006,29537.5,0.000160544,0.728813,0.600351
1.47552e+008,1.46423,5.82195e+029,2.93451e+026,3.42495e+015,9.71433e+006,29070.2,0.000154681,0.72495,0.611817
1.48944e+008,1.47804,5.93312e+029,2.95139e+026,3.35251e+015,9.66255e+006,28607.9,0.000149001,0.721086,0.623314
1.50336e+008,1.49185,6.04458e+029,2.96769e+026,3.28124e+015,9.61078e+006,28150.5,0.000143502,0.717223,0.63484
1.51728e+008,1.50567,6.1563e+029,2.98343e+026,3.21112e+015,9.55902e+006,27698.1,0.000138179,0.71336,0.64639
1.5312e+008,1.51948,6.26826e+029,2.99861e+026,3.14215e+015,9.50728e+006,27250.8,0.000133027,0.709498,0.657963
1.54512e+008,1.53329,6.38043e+029,3.01325e+026,3.07433e+015,9.45555e+006,26808.4,0.000128043,0.705638,0.669556
1.55904e+008,1.54711,6.49278e+029,3.02736e+026,3.00764e+015,9.40385e+006,26371.1,0.000123222,0.70178,0.681165
1.57296e+008,1.56092,6.60529e+029,3.04096e+026,2.94209e+015,9.35219e+006,25938.8,0.00011856,0.697925,0.692789
1.58688e+008,1.57474,6.71793e+029,3.05406e+026,2.87766e+015,9.30057e+006,25511.6,0.000114054,0.694072,0.704424
1.6008e+008,1.58855,6.83067e+029,3.06668e+026,2.81436e+015,9.24899e+006,25089.5,0.0001097,0.690223,0.716067
1.61472e+008,1.60236,6.94348e+029,3.07881e+026,2.75216e+015,9.19746e+006,24672.5,0.000105492,0.686377,0.727717
1.62864e+008,1.61618,7.05635e+029,3.09049e+026,2.69107e+015,9.14598e+006,24260.6,0.000101428,0.682536,0.73937
1.64256e+008,1.62999,7.16925e+029,3.10172e+026,2.63107e+015,9.09457e+006,23853.8,9.75039e-005,0.678699,0.751024
1.65648e+008,1.6438,7.28214e+029,3.11251e+026,2.57215e+015,9.04323e+006,23452,9.37152e-005,0.674868,0.762676
1.6704e+008,1.65762,7.39502e+029,3.12288e+026,2.51431e+015,8.99195e+006,23055.4,9.00584e-005,0.671041,0.774325
1.68432e+008,1.67143,7.50784e+029,3.13284e+026,2.45753e+015,8.94075e+006,22663.8,8.65297e-005,0.66722,0.785966
1.69824e+008,1.68524,7.6206e+029,3.14241e+026,2.40181e+015,8.88964e+006,22277.3,8.31256e-005,0.663406,0.797599
1.71216e+008,1.69906,7.73326e+029,3.15159e+026,2.34713e+015,8.83861e+006,21895.8,7.98423e-005,0.659598,0.80922
1.72608e+008,1.71287,7.84581e+029,3.1604e+026,2.29349e+015,8.78767e+006,21519.4,7.66764e-005,0.655796,0.820828
1.74e+008,1.72668,7.95821e+029,3.16884e+026,2.24087e+015,8.73682e+006,21148.1,7.36242e-005,0.652002,0.832419
1.75392e+008,1.7405,8.07046e+029,3.17694e+026,2.18926e+015,8.68608e+006,20781.7,7.06825e-005,0.648215,0.843993
1.76784e+008,1.75431,8.18253e+029,3.1847e+026,2.13865e+015,8.63544e+006,20420.3,6.78478e-005,0.644436,0.855546
1.78176e+008,1.76812,8.29439e+029,3.19214e+026,2.08903e+015,8.5849e+006,20063.9,6.51169e-005,0.640664,0.867076
1.79568e+008,1.78194,8.40602e+029,3.19926e+026,2.04038e+015,8.53448e+006,19712.5,6.24865e-005,0.636902,0.878582
1.8096e+008,1.79575,8.51742e+029,3.20608e+026,1.9927e+015,8.48418e+006,19366,5.99534e-005,0.633147,0.890062
1.82352e+008,1.80956,8.62855e+029,3.21261e+026,1.94596e+015,8.43399e+006,19024.3,5.75146e-005,0.629402,0.901512
1.83744e+008,1.82338,8.73939e+029,3.21885e+026,1.90017e+015,8.38393e+006,18687.6,5.5167e-005,0.625666,0.912932
1.85136e+008,1.83719,8.84994e+029,3.22483e+026,1.85531e+015,8.33399e+006,18355.7,5.29077e-005,0.62194,0.92432
1.86528e+008,1.851,8.96016e+029,3.23054e+026,1.81135e+015,8.28419e+006,18028.5,5.07338e-005,0.618223,0.935673
1.8792e+008,1.86482,9.07005e+029,3.236e+026,1.7683e+015,8.23452e+006,17706.2,4.86424e-005,0.614517,0.94699
1.89312e+008,1.87863,9.17957e+029,3.24121e+026,1.72614e+015,8.18499e+006,17388.6,4.66309e-005,0.61082,0.958269
1.90704e+008,1.89244,9.28873e+029,3.2462e+026,1.68485e+015,8.1356e+006,17075.7,4.46965e-005,0.607134,0.969508
1.92096e+008,1.90626,9.3975e+029,3.25096e+026,1.64442e+015,8.08636e+006,16767.5,4.28367e-005,0.603459,0.980706
1.93488e+008,1.92007,9.50586e+029,3.2555e+026,1.60485e+015,8.03726e+006,16463.9,4.10488e-005,0.599795,0.99186
1.9488e+008,1.93389,9.61379e+029,3.25984e+026,1.56611e+015,7.98831e+006,16165,3.93305e-005,0.596142,1.00297
1.96272e+008,1.9477,9.72129e+029,3.26398e+026,1.52819e+015,7.93951e+006,15870.5,3.76793e-005,0.592501,1.01403
1.97664e+008,1.96151,9.82834e+029,3.26793e+026,1.49109e+015,7.89087e+006,15580.6,3.60928e-005,0.588871,1.02505
1.99056e+008,1.97533,9.93493e+029,3.27169e+026,1.45478e+015,7.84239e+006,15295.2,3.45689e-005,0.585253,1.03602
2.00448e+008,1.98914,1.0041e+030,3.27528e+026,1.41925e+015,7.79407e+006,15014.2,3.31052e-005,0.581647,1.04693
2.0184e+008,2.00295,1.01466e+030,3.27871e+026,1.3845e+015,7.74591e+006,14737.6,3.16997e-005,0.578053,1.0578
2.03232e+008,2.01677,1.02517e+030,3.28197e+026,1.35051e+015,7.69792e+006,14465.4,3.03502e-005,0.574472,1.06861
2.04624e+008,2.03058,1.03563e+030,3.28507e+026,1.31726e+015,7.6501e+006,14197.5,2.90547e-005,0.570903,1.07936
2.06016e+008,2.04439,1.04604e+030,3.28803e+026,1.28474e+015,7.60245e+006,13933.8,2.78113e-005,0.567347,1.09006
2.07408e+008,2.05821,1.05639e+030,3.29085e+026,1.25295e+015,7.55497e+006,13674.4,2.6618e-005,0.563804,1.10071
2.088e+008,2.07202,1.06668e+030,3.29353e+026,1.22186e+015,7.50767e+006,13419.2,2.54731e-005,0.560274,1.11129
2.10192e+008,2.08583,1.07692e+030,3.29608e+026,1.19147e+015,7.46054e+006,13168,2.43746e-005,0.556757,1.12182
2.11584e+008,2.09965,1.0871e+030,3.29851e+026,1.16176e+015,7.41359e+006,12921,2.3321e-005,0.553253,1.13228
2.12976e+008,2.11346,1.09722e+030,3.30082e+026,1.13272e+015,7.36682e+006,12678,2.23105e-005,0.549763,1.14269
2.14368e+008,2.12727,1.10728e+030,3.30301e+026,1.10434e+015,7.32024e+006,12439,2.13414e-005,0.546287,1.15303
2.1576e+008,2.14109,1.11728e+030,3.3051e+026,1.07661e+015,7.27384e+006,12204,2.04123e-005,0.542824,1.16331
2.17152e+008,2.1549,1.12722e+030,3.30708e+026,1.04951e+015,7.22762e+006,11972.8,1.95216e-005,0.539375,1.17352
2.18544e+008,2.16871,1.1371e+030,3.30897e+026,1.02303e+015,7.1816e+006,11745.5,1.86678e-005,0.53594,1.18367
2.19936e+008,2.18253,1.14691e+030,3.31076e+026,9.97156e+014,7.13576e+006,11522.1,1.78496e-005,0.532519,1.19375
2.21328e+008,2.19634,1.15666e+030,3.31246e+026,9.71884e+014,7.09011e+006,11302.4,1.70654e-005,0.529113,1.20377
2.2272e+008,2.21015,1.16634e+030,3.31408e+026,9.47199e+014,7.04465e+006,11086.4,1.63141e-005,0.52572,1.21371
2.24112e+008,2.22397,1.17596e+030,3.31561e+026,9.23089e+014,6.99939e+006,10874,1.55944e-005,0.522343,1.22359
2.25504e+008,2.23778,1.18551e+030,3.31707e+026,8.99542e+014,6.95432e+006,10665.3,1.49049e-005,0.518979,1.23341
2.26896e+008,2.2516,1.195e+030,3.31845e+026,8.76549e+014,6.90945e+006,10460.2,1.42446e-005,0.51563,1.24315
2.28288e+008,2.26541,1.20441e+030,3.31976e+026,8.54096e+014,6.86477e+006,10258.6,1.36122e-005,0.512296,1.25282
2.2968e+008,2.27922,1.21376e+030,3.32101e+026,8.32174e+014,6.82029e+006,10060.5,1.30067e-005,0.508977,1.26242
2.31072e+008,2.29304,1.22304e+030,3.32219e+026,8.10772e+014,6.77601e+006,9865.8,1.2427e-005,0.505672,1.27194
2.32464e+008,2.30685,1.23225e+030,3.32331e+026,7.89879e+014,6.73193e+006,9674.5,1.1872e-005,0.502383,1.2814
2.33856e+008,2.32066,1.24139e+030,3.32437e+026,7.69484e+014,6.68805e+006,9486.55,1.13407e-005,0.499108,1.29078
2.35248e+008,2.33448,1.25046e+030,3.32537e+026,7.49578e+014,6.64437e+006,9301.88,1.08323e-005,0.495848,1.30009
2.3664e+008,2.34829,1.25946e+030,3.32633e+026,7.3015e+014,6.60089e+006,9120.47,1.03458e-005,0.492604,1.30933
2.38032e+008,2.3621,1.26839e+030,3.32723e+026,7.1119e+014,6.55761e+006,8942.26,9.88022e-006,0.489374,1.3185
2.39424e+008,2.37592,1.27725e+030,3.32808e+026,6.92688e+014,6.51454e+006,8767.21,9.43479e-006,0.48616,1.32758
2.40816e+008,2.38973,1.28603e+030,3.32889e+026,6.74634e+014,6.47167e+006,8595.27,9.00868e-006,0.482961,1.3366
2.42208e+008,2.40354,1.29474e+030,3.32966e+026,6.57019e+014,6.42901e+006,8426.39,8.60108e-006,0.479777,1.34554
2.436e+008,2.41736,1.30338e+030,3.33039e+026,6.39833e+014,6.38655e+006,8260.54,8.21124e-006,0.476608,1.3544
2.44992e+008,2.43117,1.31195e+030,3.33108e+026,6.23068e+014,6.34429e+006,8097.66,7.83842e-006,0.473455,1.36319
2.46384e+008,2.44498,1.32044e+030,3.33173e+026,6.06713e+014,6.30224e+006,7937.72,7.48191e-006,0.470317,1.37191
2.47776e+008,2.4588,1.32886e+030,3.33234e+026,5.9076e+014,6.2604e+006,7780.66,7.14103e-006,0.467194,1.38055
2.49168e+008,2.47261,1.33721e+030,3.33292e+026,5.752e+014,6.21876e+006,7626.45,6.81514e-006,0.464087,1.38911
2.5056e+008,2.48642,1.34549e+030,3.33348e+026,5.60024e+014,6.17733e+006,7475.04,6.5036e-006,0.460995,1.3976
2.51952e+008,2.50024,1.35369e+030,3.334e+026,5.45225e+014,6.13611e+006,7326.39,6.20582e-006,0.457919,1.40601
2.53344e+008,2.51405,1.36181e+030,3.33449e+026,5.30792e+014,6.0951e+006,7180.45,5.9212e-006,0.454858,1.41434
2.54736e+008,2.52786,1.36986e+030,3.33495e+026,5.16719e+014,6.05429e+006,7037.19,5.6492e-006,0.451812,1.4226
2.56128e+008,2.54168,1.37784e+030,3.3354e+026,5.02997e+014,6.01369e+006,6896.56,5.38929e-006,0.448783,1.43078
2.5752e+008,2.55549,1.38575e+030,3.33581e+026,4.89618e+014,5.97329e+006,6758.51,5.14094e-006,0.445768,1.43888
2.58912e+008,2.5693,1.39358e+030,3.3362e+026,4.76574e+014,5.9331e+006,6623.02,4.90366e-006,0.442769,1.44691
2.60304e+008,2.58312,1.40133e+030,3.33658e+026,4.63858e+014,5.89313e+006,6490.04,4.67699e-006,0.439785,1.45486
2.61696e+008,2.59693,1.40901e+030,3.33693e+026,4.51462e+014,5.85335e+006,6359.52,4.46046e-006,0.436817,1.46274
2.63088e+008,2.61075,1.41662e+030,3.33726e+026,4.39379e+014,5.81379e+006,6231.43,4.25364e-006,0.433865,1.47054
2.6448e+008,2.62456,1.42415e+030,3.33757e+026,4.27602e+014,5.77443e+006,6105.73,4.05612e-006,0.430928,1.47826
2.65872e+008,2.63837,1.43161e+030,3.33787e+026,4.16123e+014,5.73528e+006,5982.38,3.86749e-006,0.428006,1.48591
2.67264e+008,2.65219,1.439e+030,3.33815e+026,4.04935e+014,5.69634e+006,5861.34,3.68736e-006,0.4251,1.49348
2.68656e+008,2.666,1.44631e+030,3.33841e+026,3.94032e+014,5.6576e+006,5742.58,3.51538e-006,0.422209,1.50097
2.70048e+008,2.67981,1.45355e+030,3.33866e+026,3.83407e+014,5.61907e+006,5626.05,3.35117e-006,0.419334,1.50839
2.7144e+008,2.69363,1.46072e+030,3.33889e+026,3.73053e+014,5.58074e+006,5511.71,3.19441e-006,0.416473,1.51573
2.72832e+008,2.70744,1.46781e+030,3.33911e+026,3.62965e+014,5.54263e+006,5399.54,3.04477e-006,0.413629,1.523
2.74224e+008,2.72125,1.47483e+030,3.33932e+026,3.53135e+014,5.50471e+006,5289.49,2.90194e-006,0.410799,1.53019
2.75616e+008,2.73507,1.48177e+030,3.33952e+026,3.43558e+014,5.467e+006,5181.53,2.76562e-006,0.407985,1.5373
2.77008e+008,2.74888,1.48864e+030,3.3397e+026,3.34227e+014,5.4295e+006,5075.63,2.63552e-006,0.405187,1.54435
2.784e+008,2.76269,1.49545e+030,3.33988e+026,3.25138e+014,5.3922e+006,4971.74,2.51136e-006,0.402403,1.55131
2.79792e+008,2.77651,1.50217e+030,3.34004e+026,3.16282e+014,5.35511e+006,4869.84,2.39289e-006,0.399635,1.55821
2.81184e+008,2.79032,1.50883e+030,3.3402e+026,3.07657e+014,5.31822e+006,4769.89,2.27986e-006,0.396882,1.56502
2.82576e+008,2.80413,1.51541e+030,3.34035e+026,2.99254e+014,5.28153e+006,4671.85,2.17202e-006,0.394144,1.57177
2.83968e+008,2.81795,1.52193e+030,3.34048e+026,2.91071e+014,5.24504e+006,4575.69,2.06913e-006,0.391421,1.57844
2.8536e+008,2.83176,1.52837e+030,3.34061e+026,2.831e+014,5.20876e+006,4481.39,1.97099e-006,0.388713,1.58503
2.86752e+008,2.84557,1.53474e+030,3.34074e+026,2.75336e+014,5.17268e+006,4388.9,1.87738e-006,0.386021,1.59156
2.88144e+008,2.85939,1.54104e+030,3.34085e+026,2.67776e+014,5.13679e+006,4298.2,1.7881e-006,0.383343,1.59801
2.89536e+008,2.8732,1.54727e+030,3.34096e+026,2.60413e+014,5.10111e+006,4209.25,1.70295e-006,0.38068,1.60439
2.90928e+008,2.88701,1.55343e+030,3.34106e+026,2.53243e+014,5.06563e+006,4122.03,1.62174e-006,0.378032,1.6107
2.9232e+008,2.90083,1.55952e+030,3.34116e+026,2.46261e+014,5.03035e+006,4036.5,1.54431e-006,0.375399,1.61693
2.93712e+008,2.91464,1.56554e+030,3.34125e+026,2.39463e+014,4.99527e+006,3952.63,1.47048e-006,0.372781,1.6231
2.95104e+008,2.92845,1.57149e+030,3.34134e+026,2.32843e+014,4.96038e+006,3870.4,1.40008e-006,0.370178,1.62919
2.96496e+008,2.94227,1.57737e+030,3.34142e+026,2.26398e+014,4.92569e+006,3789.77,1.33296e-006,0.367589,1.63521
2.97888e+008,2.95608,1.58318e+030,3.34149e+026,2.20123e+014,4.8912e+006,3710.71,1.26898e-006,0.365015,1.64116
2.9928e+008,2.9699,1.58893e+030,3.34156e+026,2.14014e+014,4.85691e+006,3633.2,1.208e-006,0.362456,1.64705
3.00672e+008,2.98371,1.59461e+030,3.34163e+026,2.08067e+014,4.82281e+006,3557.21,1.14986e-006,0.359911,1.65286
3.02064e+008,2.99752,1.60022e+030,3.34169e+026,2.02277e+014,4.7889e+006,3482.72,1.09446e-006,0.357381,1.6586
3.03456e+008,3.01134,1.60577e+030,3.34175e+026,1.96641e+014,4.75519e+006,3409.68,1.04165e-006,0.354865,1.66428
3.04848e+008,3.02515,1.61125e+030,3.34181e+026,1.91155e+014,4.72167e+006,3338.09,9.91327e-007,0.352364,1.66989
3.0624e+008,3.03896,1.61666e+030,3.34186e+026,1.85815e+014,4.68835e+006,3267.9,9.43373e-007,0.349877,1.67543
3.07632e+008,3.05278,1.62201e+030,3.34191e+026,1.80617e+014,4.65521e+006,3199.1,8.9768e-007,0.347404,1.6809
3.09024e+008,3.06659,1.62729e+030,3.34196e+026,1.75559e+014,4.62227e+006,3131.66,8.54144e-007,0.344945,1.68631
3.10416e+008,3.0804,1.63251e+030,3.342e+026,1.70635e+014,4.58951e+006,3065.56,8.12666e-007,0.342501,1.69165
3.11808e+008,3.09422,1.63766e+030,3.34204e+026,1.65843e+014,4.55695e+006,3000.77,7.73151e-007,0.340071,1.69692
3.132e+008,3.10803,1.64275e+030,3.34208e+026,1.6118e+014,4.52457e+006,2937.26,7.35508e-007,0.337655,1.70213
3.14592e+008,3.12184,1.64778e+030,3.34212e+026,1.56642e+014,4.49238e+006,2875.01,6.99653e-007,0.335252,1.70727
3.15984e+008,3.13566,1.65274e+030,3.34215e+026,1.52226e+014,4.46038e+006,2814.01,6.655e-007,0.332864,1.71235
3.17376e+008,3.14947,1.65764e+030,3.34218e+026,1.47929e+014,4.42856e+006,2754.22,6.32973e-007,0.33049,1.71736
3.18768e+008,3.16328,1.66248e+030,3.34221e+026,1.43748e+014,4.39693e+006,2695.62,6.01996e-007,0.328129,1.72231
3.2016e+008,3.1771,1.66726e+030,3.34224e+026,1.39679e+014,4.36548e+006,2638.2,5.72496e-007,0.325782,1.7272
3.21552e+008,3.19091,1.67198e+030,3.34227e+026,1.35721e+014,4.33422e+006,2581.92,5.44405e-007,0.323449,1.73203
3.22944e+008,3.20472,1.67663e+030,3.34229e+026,1.31869e+014,4.30314e+006,2526.77,5.17658e-007,0.32113,1.73679
3.24336e+008,3.21854,1.68123e+030,3.34231e+026,1.28122e+014,4.27224e+006,2472.73,4.92191e-007,0.318824,1.74149
3.25728e+008,3.23235,1.68577e+030,3.34233e+026,1.24477e+014,4.24152e+006,2419.77,4.67946e-007,0.316531,1.74613
3.2712e+008,3.24616,1.69025e+030,3.34236e+026,1.2093e+014,4.21098e+006,2367.88,4.44864e-007,0.314252,1.75071
3.28512e+008,3.25998,1.69467e+030,3.34237e+026,1.1748e+014,4.18062e+006,2317.03,4.22892e-007,0.311986,1.75523
3.29904e+008,3.27379,1.69903e+030,3.34239e+026,1.14124e+014,4.15044e+006,2267.21,4.01978e-007,0.309734,1.75969
3.31296e+008,3.28761,1.70333e+030,3.34241e+026,1.10859e+014,4.12043e+006,2218.39,3.82071e-007,0.307495,1.76409
3.32688e+008,3.30142,1.70758e+030,3.34243e+026,1.07684e+014,4.0906e+006,2170.56,3.63125e-007,0.305269,1.76844
3.3408e+008,3.31523,1.71177e+030,3.34244e+026,1.04595e+014,4.06095e+006,2123.69,3.45094e-007,0.303056,1.77272
3.35472e+008,3.32905,1.7159e+030,3.34245e+026,1.01591e+014,4.03147e+006,2077.78,3.27935e-007,0.300856,1.77695
3.36864e+008,3.34286,1.71998e+030,3.34247e+026,9.8669e+013,4.00216e+006,2032.8,3.11608e-007,0.298669,1.78112
3.38256e+008,3.35667,1.724e+030,3.34248e+026,9.58272e+013,3.97303e+006,1988.73,2.96072e-007,0.296495,1.78523
3.39648e+008,3.37049,1.72797e+030,3.34249e+026,9.30635e+013,3.94407e+006,1945.55,2.81291e-007,0.294333,1.78928
3.4104e+008,3.3843,1.73188e+030,3.3425e+026,9.03757e+013,3.91527e+006,1903.25,2.67228e-007,0.292185,1.79329
3.42432e+008,3.39811,1.73574e+030,3.34251e+026,8.77618e+013,3.88665e+006,1861.82,2.5385e-007,0.290049,1.79723
3.43824e+008,3.41193,1.73955e+030,3.34252e+026,8.52201e+013,3.8582e+006,1821.23,2.41124e-007,0.287925,1.80112
3.45216e+008,3.42574,1.7433e+030,3.34253e+026,8.27484e+013,3.82992e+006,1781.47,2.29019e-007,0.285815,1.80496
3.46608e+008,3.43955,1.747e+030,3.34254e+026,8.0345e+013,3.8018e+006,1742.52,2.17505e-007,0.283716,1.80874
3.48e+008,3.45337,1.75065e+030,3.34255e+026,7.80081e+013,3.77385e+006,1704.37,2.06555e-007,0.28163,1.81247
3.49392e+008,3.46718,1.75425e+030,3.34255e+026,7.57359e+013,3.74606e+006,1667,1.96142e-007,0.279557,1.81615
3.50784e+008,3.48099,1.7578e+030,3.34256e+026,7.35267e+013,3.71844e+006,1630.39,1.86239e-007,0.277495,1.81978
3.52176e+008,3.49481,1.7613e+030,3.34257e+026,7.13788e+013,3.69098e+006,1594.54,1.76823e-007,0.275446,1.82335
3.53568e+008,3.50862,1.76474e+030,3.34257e+026,6.92905e+013,3.66368e+006,1559.42,1.67869e-007,0.273409,1.82688
3.5496e+008,3.52243,1.76814e+030,3.34258e+026,6.72604e+013,3.63655e+006,1525.03,1.59357e-007,0.271384,1.83035
3.56352e+008,3.53625,1.77149e+030,3.34258e+026,6.52868e+013,3.60957e+006,1491.34,1.51264e-007,0.269371,1.83377
3.57744e+008,3.55006,1.77479e+030,3.34259e+026,6.33683e+013,3.58276e+006,1458.35,1.43571e-007,0.26737,1.83715
3.59136e+008,3.56387,1.77805e+030,3.34259e+026,6.15033e+013,3.5561e+006,1426.04,1.36259e-007,0.265381,1.84047
3.60528e+008,3.57769,1.78125e+030,3.3426e+026,5.96904e+013,3.5296e+006,1394.4,1.29308e-007,0.263403,1.84375
3.6192e+008,3.5915,1.78441e+030,3.3426e+026,5.79283e+013,3.50326e+006,1363.41,1.22702e-007,0.261437,1.84697
3.63312e+008,3.60531,1.78752e+030,3.3426e+026,5.62156e+013,3.47707e+006,1333.06,1.16424e-007,0.259483,1.85015
3.64704e+008,3.61913,1.79059e+030,3.34261e+026,5.45509e+013,3.45104e+006,1303.35,1.10457e-007,0.25754,1.85329
3.66096e+008,3.63294,1.79361e+030,3.34261e+026,5.29329e+013,3.42516e+006,1274.24,1.04788e-007,0.255609,1.85637
3.67488e+008,3.64676,1.79659e+030,3.34261e+026,5.13605e+013,3.39943e+006,1245.75,9.94014e-008,0.253689,1.85942
3.6888e+008,3.66057,1.79952e+030,3.34262e+026,4.98323e+013,3.37386e+006,1217.84,9.42836e-008,0.251781,1.86241
3.70272e+008,3.67438,1.80241e+030,3.34262e+026,4.83472e+013,3.34844e+006,1190.52,8.94215e-008,0.249883,1.86536
3.71664e+008,3.6882,1.80525e+030,3.34262e+026,4.6904e+013,3.32317e+006,1163.77,8.48027e-008,0.247997,1.86827
3.73056e+008,3.70201,1.80805e+030,3.34262e+026,4.55017e+013,3.29804e+006,1137.57,8.04154e-008,0.246123,1.87113
3.74448e+008,3.71582,1.81081e+030,3.34263e+026,4.41389e+013,3.27307e+006,1111.92,7.62483e-008,0.244259,1.87395
3.7584e+008,3.72964,1.81353e+030,3.34263e+026,4.28148e+013,3.24824e+006,1086.81,7.22906e-008,0.242406,1.87672
3.77232e+008,3.74345,1.8162e+030,3.34263e+026,4.15283e+013,3.22356e+006,1062.22,6.85321e-008,0.240564,1.87945
3.78624e+008,3.75726,1.81884e+030,3.34263e+026,4.02783e+013,3.19902e+006,1038.15,6.4963e-008,0.238733,1.88214
3.80016e+008,3.77108,1.82143e+030,3.34263e+026,3.90638e+013,3.17463e+006,1014.59,6.15741e-008,0.236913,1.88479
3.81408e+008,3.78489,1.82398e+030,3.34264e+026,3.7884e+013,3.15038e+006,991.516,5.83564e-008,0.235103,1.8874
3.828e+008,3.7987,1.8265e+030,3.34264e+026,3.67377e+013,3.12628e+006,968.93,5.53017e-008,0.233304,1.88997
3.84192e+008,3.81252,1.82897e+030,3.34264e+026,3.56242e+013,3.10231e+006,946.819,5.24018e-008,0.231516,1.89249
3.85584e+008,3.82633,1.83141e+030,3.34264e+026,3.45425e+013,3.07849e+006,925.175,4.96491e-008,0.229738,1.89498
3.86976e+008,3.84014,1.8338e+030,3.34264e+026,3.34918e+013,3.05481e+006,903.987,4.70364e-008,0.227971,1.89743
3.88368e+008,3.85396,1.83616e+030,3.34264e+026,3.24712e+013,3.03126e+006,883.246,4.45567e-008,0.226214,1.89983
3.8976e+008,3.86777,1.83848e+030,3.34264e+026,3.14798e+013,3.00786e+006,862.944,4.22035e-008,0.224467,1.9022
3.91152e+008,3.88158,1.84076e+030,3.34264e+026,3.0517e+013,2.98459e+006,843.072,3.99706e-008,0.222731,1.90453
3.92544e+008,3.8954,1.84301e+030,3.34264e+026,2.95819e+013,2.96146e+006,823.621,3.78518e-008,0.221004,1.90683
3.93936e+008,3.90921,1.84522e+030,3.34265e+026,2.86737e+013,2.93846e+006,804.583,3.58416e-008,0.219288,1.90909
3.95328e+008,3.92302,1.8474e+030,3.34265e+026,2.77917e+013,2.9156e+006,785.949,3.39346e-008,0.217582,1.91131
3.9672e+008,3.93684,1.84954e+030,3.34265e+026,2.69352e+013,2.89287e+006,767.712,3.21257e-008,0.215886,1.91349
3.98112e+008,3.95065,1.85164e+030,3.34265e+026,2.61035e+013,2.87028e+006,749.863,3.04099e-008,0.2142,1.91564
3.99504e+008,3.96447,1.85371e+030,3.34265e+026,2.52959e+013,2.84782e+006,732.395,2.87825e-008,0.212524,1.91775
4.00896e+008,3.97828,1.85575e+030,3.34265e+026,2.45117e+013,2.82548e+006,715.3,2.72392e-008,0.210857,1.91983
4.02288e+008,3.99209,1.85775e+030,3.34265e+026,2.37503e+013,2.80328e+006,698.57,2.57758e-008,0.2092,1.92187
4.0368e+008,4.00591,1.85972e+030,3.34265e+026,2.30111e+013,2.78121e+006,682.198,2.43883e-008,0.207553,1.92388
4.05072e+008,4.01972,1.86165e+030,3.34265e+026,2.22934e+013,2.75926e+006,666.178,2.30727e-008,0.205915,1.92586
4.06464e+008,4.03353,1.86356e+030,3.34265e+026,2.15966e+013,2.73745e+006,650.5,2.18256e-008,0.204287,1.9278
4.07856e+008,4.04735,1.86543e+030,3.34265e+026,2.09202e+013,2.71576e+006,635.16,2.06435e-008,0.202668,1.92971
4.09248e+008,4.06116,1.86727e+030,3.34265e+026,2.02637e+013,2.69419e+006,620.15,1.95231e-008,0.201059,1.93159
4.1064e+008,4.07497,1.86908e+030,3.34265e+026,1.96263e+013,2.67275e+006,605.463,1.84612e-008,0.199459,1.93344
4.12032e+008,4.08879,1.87086e+030,3.34265e+026,1.90077e+013,2.65144e+006,591.093,1.7455e-008,0.197869,1.93525
4.13424e+008,4.1026,1.8726e+030,3.34265e+026,1.84073e+013,2.63025e+006,577.033,1.65015e-008,0.196287,1.93704
4.14816e+008,4.11641,1.87432e+030,3.34265e+026,1.78246e+013,2.60918e+006,563.277,1.55982e-008,0.194715,1.93879
4.16208e+008,4.13023,1.87601e+030,3.34265e+026,1.7259e+013,2.58823e+006,549.82,1.47425e-008,0.193152,1.94051
4.176e+008,4.14404,1.87767e+030,3.34265e+026,1.67102e+013,2.56741e+006,536.654,1.39319e-008,0.191598,1.9422
4.18992e+008,4.15785,1.8793e+030,3.34265e+026,1.61776e+013,2.5467e+006,523.774,1.31641e-008,0.190052,1.94386
4.20384e+008,4.17167,1.8809e+030,3.34265e+026,1.56608e+013,2.52611e+006,511.174,1.2437e-008,0.188516,1.9455
4.21776e+008,4.18548,1.88247e+030,3.34265e+026,1.51594e+013,2.50565e+006,498.849,1.17485e-008,0.186988,1.9471
4.23168e+008,4.19929,1.88401e+030,3.34265e+026,1.46728e+013,2.48529e+006,486.792,1.10966e-008,0.18547,1.94868
4.2456e+008,4.21311,1.88553e+030,3.34265e+026,1.42008e+013,2.46506e+006,474.999,1.04795e-008,0.18396,1.95023
4.25952e+008,4.22692,1.88702e+030,3.34265e+026,1.37429e+013,2.44494e+006,463.464,9.89524e-009,0.182458,1.95175
4.27344e+008,4.24073,1.88849e+030,3.34265e+026,1.32986e+013,2.42494e+006,452.181,9.34227e-009,0.180966,1.95324
4.28736e+008,4.25455,1.88992e+030,3.34265e+026,1.28677e+013,2.40505e+006,441.147,8.81893e-009,0.179481,1.95471
4.30128e+008,4.26836,1.89133e+030,3.34265e+026,1.24496e+013,2.38528e+006,430.354,8.3237e-009,0.178006,1.95615
4.3152e+008,4.28217,1.89272e+030,3.34265e+026,1.20442e+013,2.36561e+006,419.799,7.85512e-009,0.176538,1.95756
4.32912e+008,4.29599,1.89408e+030,3.34265e+026,1.1651e+013,2.34606e+006,409.477,7.41182e-009,0.175079,1.95895
4.34304e+008,4.3098,1.89542e+030,3.34265e+026,1.12696e+013,2.32662e+006,399.383,6.99248e-009,0.173629,1.96031
4.35696e+008,4.32362,1.89673e+030,3.34265e+026,1.08997e+013,2.3073e+006,389.512,6.59585e-009,0.172186,1.96165
4.37088e+008,4.33743,1.89801e+030,3.34265e+026,1.05411e+013,2.28808e+006,379.859,6.22075e-009,0.170752,1.96296
4.3848e+008,4.35124,1.89928e+030,3.34265e+026,1.01933e+013,2.26897e+006,370.421,5.86605e-009,0.169326,1.96425
4.39872e+008,4.36506,1.90052e+030,3.34265e+026,9.85615e+012,2.24997e+006,361.193,5.5307e-009,0.167908,1.96551
4.41264e+008,4.37887,1.90173e+030,3.34265e+026,9.52924e+012,2.23107e+006,352.17,5.21367e-009,0.166498,1.96675
4.42656e+008,4.39268,1.90293e+030,3.34266e+026,9.2123e+012,2.21229e+006,343.348,4.91401e-009,0.165096,1.96797
4.44048e+008,4.4065,1.9041e+030,3.34266e+026,8.90506e+012,2.19361e+006,334.723,4.6308e-009,0.163702,1.96916
4.4544e+008,4.42031,1.90525e+030,3.34266e+026,8.60723e+012,2.17503e+006,326.292,4.36318e-009,0.162316,1.97034
4.46832e+008,4.43412,1.90637e+030,3.34266e+026,8.31855e+012,2.15656e+006,318.049,4.11031e-009,0.160937,1.97148
4.48224e+008,4.44794,1.90748e+030,3.34266e+026,8.03875e+012,2.13819e+006,309.991,3.87143e-009,0.159566,1.97261
4.49616e+008,4.46175,1.90856e+030,3.34266e+026,7.76758e+012,2.11993e+006,302.115,3.64579e-009,0.158203,1.97372
4.51008e+008,4.47556,1.90962e+030,3.34266e+026,7.50479e+012,2.10176e+006,294.416,3.43269e-009,0.156848,1.9748
4.524e+008,4.48938,1.91066e+030,3.34266e+026,7.25014e+012,2.0837e+006,286.892,3.23145e-009,0.1555,1.97586
4.53792e+008,4.50319,1.91169e+030,3.34266e+026,7.00339e+012,2.06574e+006,279.537,3.04146e-009,0.15416,1.9769
4.55184e+008,4.517,1.91269e+030,3.34266e+026,6.76432e+012,2.04788e+006,272.349,2.8621e-009,0.152827,1.97792
4.56576e+008,4.53082,1.91367e+030,3.34266e+026,6.53271e+012,2.03012e+006,265.325,2.69281e-009,0.151502,1.97892
4.57968e+008,4.54463,1.91463e+030,3.34266e+026,6.30833e+012,2.01246e+006,258.46,2.53304e-009,0.150184,1.97991
4.5936e+008,4.55844,1.91557e+030,3.34266e+026,6.09098e+012,1.9949e+006,251.752,2.38229e-009,0.148873,1.98087
4.60752e+008,4.57226,1.9165e+030,3.34266e+026,5.88046e+012,1.97743e+006,245.198,2.24007e-009,0.14757,1.98181
4.62144e+008,4.58607,1.9174e+030,3.34266e+026,5.67656e+012,1.96007e+006,238.793,2.10592e-009,0.146274,1.98273
4.63536e+008,4.59988,1.91829e+030,3.34266e+026,5.47909e+012,1.94279e+006,232.536,1.97939e-009,0.144985,1.98364
4.64928e+008,4.6137,1.91916e+030,3.34266e+026,5.28787e+012,1.92562e+006,226.422,1.86009e-009,0.143703,1.98452
4.6632e+008,4.62751,1.92001e+030,3.34266e+026,5.10271e+012,1.90853e+006,220.449,1.74761e-009,0.142428,1.98539
4.67712e+008,4.64132,1.92084e+030,3.34266e+026,4.92344e+012,1.89154e+006,214.615,1.64158e-009,0.14116,1.98624
4.69104e+008,4.65514,1.92166e+030,3.34266e+026,4.74987e+012,1.87465e+006,208.915,1.54165e-009,0.139899,1.98707
4.70496e+008,4.66895,1.92246e+030,3.34266e+026,4.58185e+012,1.85785e+006,203.348,1.44748e-009,0.138645,1.98789
4.71888e+008,4.68277,1.92324e+030,3.34266e+026,4.41922e+012,1.84114e+006,197.91,1.35877e-009,0.137398,1.98868
4.7328e+008,4.69658,1.92401e+030,3.34266e+026,4.2618e+012,1.82452e+006,192.599,1.27521e-009,0.136158,1.98946
4.74672e+008,4.71039,1.92476e+030,3.34266e+026,4.10946e+012,1.80799e+006,187.412,1.19651e-009,0.134924,1.99023
4.76064e+008,4.72421,1.92549e+030,3.34266e+026,3.96203e+012,1.79155e+006,182.346,1.1224e-009,0.133698,1.99098
4.77456e+008,4.73802,1.92621e+030,3.34266e+026,3.81937e+012,1.7752e+006,177.4,1.05264e-009,0.132478,1.99171
4.78848e+008,4.75183,1.92691e+030,3.34266e+026,3.68135e+012,1.75894e+006,172.569,9.86972e-010,0.131264,1.99243
4.8024e+008,4.76565,1.9276e+030,3.34266e+026,3.54782e+012,1.74277e+006,167.853,9.25178e-010,0.130057,1.99313
4.81632e+008,4.77946,1.92828e+030,3.34266e+026,3.41865e+012,1.72668e+006,163.249,8.67038e-010,0.128857,1.99381
4.83024e+008,4.79327,1.92893e+030,3.34266e+026,3.29371e+012,1.71069e+006,158.753,8.12347e-010,0.127663,1.99448
4.84416e+008,4.80709,1.92958e+030,3.34266e+026,3.17288e+012,1.69478e+006,154.365,7.60912e-010,0.126476,1.99514
4.85808e+008,4.8209,1.93021e+030,3.34266e+026,3.05602e+012,1.67895e+006,150.081,7.12549e-010,0.125295,1.99578
4.872e+008,4.83471,1.93082e+030,3.34266e+026,2.94302e+012,1.66321e+006,145.899,6.67084e-010,0.12412,1.99641
4.88592e+008,4.84853,1.93142e+030,3.34266e+026,2.83377e+012,1.64756e+006,141.818,6.24353e-010,0.122952,1.99702
4.89984e+008,4.86234,1.93201e+030,3.34266e+026,2.72815e+012,1.63199e+006,137.835,5.842e-010,0.12179,1.99762
4.91376e+008,4.87615,1.93259e+030,3.34266e+026,2.62605e+012,1.6165e+006,133.948,5.46479e-010,0.120634,1.99821
4.92768e+008,4.88997,1.93315e+030,3.34266e+026,2.52737e+012,1.60109e+006,130.155,5.11049e-010,0.119485,1.99878
4.9416e+008,4.90378,1.9337e+030,3.34266e+026,2.432e+012,1.58577e+006,126.454,4.77781e-010,0.118341,1.99934
4.95552e+008,4.91759,1.93424e+030,3.34266e+026,2.33984e+012,1.57053e+006,122.842,4.46549e-010,0.117204,1.99988
4.96944e+008,4.93141,1.93476e+030,3.34266e+026,2.2508e+012,1.55537e+006,119.319,4.17235e-010,0.116072,2.00042
4.98336e+008,4.94522,1.93527e+030,3.34266e+026,2.16477e+012,1.54029e+006,115.882,3.89729e-010,0.114947,2.00094
4.99728e+008,4.95903,1.93577e+030,3.34266e+026,2.08167e+012,1.52529e+006,112.53,3.63926e-010,0.113828,2.00145
5.0112e+008,4.97285,1.93626e+030,3.34266e+026,2.00141e+012,1.51037e+006,109.26,3.39726e-010,0.112714,2.00195
5.02512e+008,4.98666,1.93674e+030,3.34266e+026,1.92389e+012,1.49553e+006,106.07,3.17035e-010,0.111607,2.00243
5.03904e+008,5.00048,1.9372e+030,3.34266e+026,1.84904e+012,1.48076e+006,102.96,2.95766e-010,0.110505,2.0029
5.05296e+008,5.01429,1.93766e+030,3.34266e+026,1.77677e+012,1.46608e+006,99.9268,2.75834e-010,0.109409,2.00337
5.06688e+008,5.0281,1.9381e+030,3.34266e+026,1.70701e+012,1.45147e+006,96.9694,2.5716e-010,0.108319,2.00382
5.0808e+008,5.04192,1.93853e+030,3.34266e+026,1.63966e+012,1.43694e+006,94.0859,2.3967e-010,0.107234,2.00426
5.09472e+008,5.05573,1.93895e+030,3.34266e+026,1.57467e+012,1.42248e+006,91.2748,2.23293e-010,0.106155,2.00469
5.10864e+008,5.06954,1.93936e+030,3.34266e+026,1.51196e+012,1.4081e+006,88.5345,2.07963e-010,0.105082,2.00511
5.12256e+008,5.08336,1.93977e+030,3.34266e+026,1.45144e+012,1.3938e+006,85.8635,1.93616e-010,0.104015,2.00551
5.13648e+008,5.09717,1.94016e+030,3.34266e+026,1.39307e+012,1.37957e+006,83.2602,1.80195e-010,0.102953,2.00591
5.1504e+008,5.11098,1.94054e+030,3.34266e+026,1.33676e+012,1.36541e+006,80.7232,1.67643e-010,0.101896,2.0063
5.16432e+008,5.1248,1.94091e+030,3.34266e+026,1.28246e+012,1.35133e+006,78.251,1.55907e-010,0.100845,2.00668
5.17824e+008,5.13861,1.94127e+030,3.34266e+026,1.23009e+012,1.33731e+006,75.8422,1.44938e-010,0.0997996,2.00705
5.19216e+008,5.15242,1.94162e+030,3.34266e+026,1.1796e+012,1.32338e+006,73.4954,1.34688e-010,0.0987594,2.00741
5.20608e+008,5.16624,1.94197e+030,3.34266e+026,1.13094e+012,1.30951e+006,71.2093,1.25115e-010,0.0977246,2.00776
5.22e+008,5.18005,1.9423e+030,3.34266e+026,1.08403e+012,1.29572e+006,68.9825,1.16175e-010,0.0966952,2.0081
5.23392e+008,5.19386,1.94263e+030,3.34266e+026,1.03883e+012,1.28199e+006,66.8136,1.0783e-010,0.095671,2.00843
5.24784e+008,5.20768,1.94295e+030,3.34266e+026,9.95272e+011,1.26834e+006,64.7015,1.00044e-010,0.094652,2.00875
5.26176e+008,5.22149,1.94326e+030,3.34266e+026,9.53315e+011,1.25475e+006,62.6449,9.27802e-011,0.0936383,2.00907
5.27568e+008,5.2353,1.94356e+030,3.34266e+026,9.12902e+011,1.24124e+006,60.6424,8.60072e-011,0.0926298,2.00937
5.2896e+008,5.24912,1.94385e+030,3.34266e+026,8.73985e+011,1.22779e+006,58.693,7.96937e-011,0.0916264,2.00967
5.30352e+008,5.26293,1.94414e+030,3.34266e+026,8.36514e+011,1.21442e+006,56.7954,7.38109e-011,0.0906281,2.00996
5.31744e+008,5.27674,1.94441e+030,3.34266e+026,8.00443e+011,1.20111e+006,54.9485,6.83313e-011,0.0896349,2.01024
5.33136e+008,5.29056,1.94468e+030,3.34266e+026,7.65724e+011,1.18787e+006,53.1511,6.32293e-011,0.0886467,2.01052
5.34528e+008,5.30437,1.94494e+030,3.34266e+026,7.32315e+011,1.17469e+006,51.4022,5.84807e-011,0.0876635,2.01079
5.3592e+008,5.31818,1.9452e+030,3.34266e+026,7.00171e+011,1.16158e+006,49.7006,5.40629e-011,0.0866853,2.01104
5.37312e+008,5.332,1.94545e+030,3.34266e+026,6.69251e+011,1.14854e+006,48.0452,4.99543e-011,0.0857121,2.0113
5.38704e+008,5.34581,1.94569e+030,3.34266e+026,6.39515e+011,1.13557e+006,46.4351,4.6135e-011,0.0847437,2.01154
5.40096e+008,5.35963,1.94592e+030,3.34266e+026,6.10923e+011,1.12265e+006,44.8692,4.25861e-011,0.0837802,2.01178
5.41488e+008,5.37344,1.94615e+030,3.34266e+026,5.83436e+011,1.10981e+006,43.3464,3.92898e-011,0.0828215,2.01201
5.4288e+008,5.38725,1.94637e+030,3.34266e+026,5.57018e+011,1.09703e+006,41.8659,3.62296e-011,0.0818676,2.01223
5.44272e+008,5.40107,1.94658e+030,3.34266e+026,5.31633e+011,1.08431e+006,40.4266,3.33897e-011,0.0809184,2.01245
5.45664e+008,5.41488,1.94679e+030,3.34266e+026,5.07245e+011,1.07165e+006,39.0276,3.07555e-011,0.079974,2.01266
5.47056e+008,5.42869,1.94699e+030,3.34266e+026,4.83821e+011,1.05906e+006,37.668,2.83133e-011,0.0790343,2.01287
5.48448e+008,5.44251,1.94719e+030,3.34266e+026,4.61328e+011,1.04653e+006,36.3468,2.60501e-011,0.0780993,2.01307
5.4984e+008,5.45632,1.94738e+030,3.34266e+026,4.39735e+011,1.03406e+006,35.0632,2.39539e-011,0.0771689,2.01326
5.51232e+008,5.47013,1.94756e+030,3.34266e+026,4.19009e+011,1.02166e+006,33.8163,2.20132e-011,0.0762431,2.01345
5.52624e+008,5.48395,1.94774e+030,3.34266e+026,3.99122e+011,1.00931e+006,32.6052,2.02175e-011,0.0753218,2.01363
5.54016e+008,5.49776,1.94791e+030,3.34266e+026,3.80044e+011,997029,31.4292,1.85567e-011,0.0744051,2.0138
5.55408e+008,5.51157,1.94808e+030,3.34266e+026,3.61746e+011,984805,30.2874,1.70216e-011,0.0734929,2.01397
5.568e+008,5.52539,1.94824e+030,3.34266e+026,3.44203e+011,972642,29.1789,1.56033e-011,0.0725852,2.01414
5.58192e+008,5.5392,1.9484e+030,3.34266e+026,3.27387e+011,960538,28.1031,1.42938e-011,0.0716819,2.0143
5.59584e+008,5.55301,1.94855e+030,3.34266e+026,3.11272e+011,948493,27.0591,1.30854e-011,0.0707831,2.01445
5.60976e+008,5.56683,1.94869e+030,3.34266e+026,2.95833e+011,936507,26.0461,1.19708e-011,0.0698886,2.0146
5.62368e+008,5.58064,1.94884e+030,3.34266e+026,2.81047e+011,924579,25.0636,1.09435e-011,0.0689985,2.01474
5.6376e+008,5.59445,1.94897e+030,3.34266e+026,2.6689e+011,912710,24.1106,9.99711e-012,0.0681127,2.01488
5.65152e+008,5.60827,1.94911e+030,3.34266e+026,2.5334e+011,900897,23.1865,9.12584e-012,0.0672311,2.01502
5.66544e+008,5.62208,1.94923e+030,3.34266e+026,2.40374e+011,889142,22.2907,8.32423e-012,0.0663539,2.01515
5.67936e+008,5.63589,1.94936e+030,3.34266e+026,2.27971e+011,877444,21.4224,7.58719e-012,0.0654809,2.01527
5.69328e+008,5.64971,1.94948e+030,3.34266e+026,2.1611e+011,865802,20.5809,6.90995e-012,0.0646121,2.01539
5.7072e+008,5.66352,1.94959e+030,3.34266e+026,2.04773e+011,854215,19.7657,6.28808e-012,0.0637474,2.01551
5.72112e+008,5.67733,1.9497e+030,3.34266e+026,1.93938e+011,842685,18.976,5.71745e-012,0.0628869,2.01563
5.73504e+008,5.69115,1.94981e+030,3.34266e+026,1.83588e+011,831210,18.2113,5.19421e-012,0.0620306,2.01573
5.74896e+008,5.70496,1.94992e+030,3.34266e+026,1.73704e+011,819789,17.4709,4.71477e-012,0.0611783,2.01584
5.76288e+008,5.71878,1.95002e+030,3.34266e+026,1.6427e+011,808423,16.7543,4.27579e-012,0.0603301,2.01594
5.7768e+008,5.73259,1.95011e+030,3.34266e+026,1.55266e+011,797111,16.0608,3.87416e-012,0.0594859,2.01604
5.79072e+008,5.7464,1.9502e+030,3.34266e+026,1.46679e+011,785853,15.3898,3.50699e-012,0.0586457,2.01613
5.80464e+008,5.76022,1.95029e+030,3.34266e+026,1.3849e+011,774648,14.7409,3.17159e-012,0.0578095,2.01622
5.81856e+008,5.77403,1.95038e+030,3.34266e+026,1.30686e+011,763496,14.1134,2.86545e-012,0.0569773,2.01631
5.83248e+008,5.78784,1.95046e+030,3.34266e+026,1.23251e+011,752397,13.5067,2.58627e-012,0.056149,2.01639
5.8464e+008,5.80166,1.95054e+030,3.34266e+026,1.1617e+011,741350,12.9205,2.33189e-012,0.0553246,2.01647
5.86032e+008,5.81547,1.95062e+030,3.34266e+026,1.0943e+011,730355,12.3541,2.10031e-012,0.0545041,2.01655
5.87424e+008,5.82928,1.95069e+030,3.34266e+026,1.03018e+011,719411,11.8071,1.88967e-012,0.0536874,2.01663
5.88816e+008,5.8431,1.95076e+030,3.34266e+026,9.69188e+010,708519,11.2788,1.69827e-012,0.0528745,2.0167
5.90208e+008,5.85691,1.95083e+030,3.34266e+026,9.11216e+010,697677,10.769,1.52451e-012,0.0520655,2.01677
5.916e+008,5.87072,1.95089e+030,3.34266e+026,8.56136e+010,686887,10.277,1.36692e-012,0.0512602,2.01683
5.92992e+008,5.88454,1.95096e+030,3.34266e+026,8.0383e+010,676146,9.80238,1.22414e-012,0.0504587,2.0169
5.94384e+008,5.89835,1.95101e+030,3.34266e+026,7.54185e+010,665455,9.34473,1.09491e-012,0.0496608,2.01696
5.95776e+008,5.91216,1.95107e+030,3.34266e+026,7.07089e+010,654814,8.90357,9.78074e-013,0.0488667,2.01701
5.97168e+008,5.92598,1.95113e+030,3.34266e+026,6.62437e+010,644222,8.47845,8.72559e-013,0.0480763,2.01707
5.9856e+008,5.93979,1.95118e+030,3.34266e+026,6.20125e+010,633679,8.06896,7.77374e-013,0.0472895,2.01712
5.99952e+008,5.9536,1.95123e+030,3.34266e+026,5.80053e+010,623184,7.67466,6.91609e-013,0.0465063,2.01717
6.01344e+008,5.96742,1.95128e+030,3.34266e+026,5.42127e+010,612738,7.29514,6.14424e-013,0.0457267,2.01722
6.02736e+008,5.98123,1.95132e+030,3.34266e+026,5.06252e+010,602339,6.93,5.45047e-013,0.0449507,2.01727
6.04128e+008,5.99504,1.95136e+030,3.34266e+026,4.7234e+010,591988,6.57884,4.82767e-013,0.0441782,2.01731
6.0552e+008,6.00886,1.95141e+030,3.34266e+026,4.40304e+010,581685,6.24127,4.26932e-013,0.0434093,2.01735
6.06912e+008,6.02267,1.95145e+030,3.34266e+026,4.1006e+010,571428,5.9169,3.76943e-013,0.0426439,2.01739
6.08304e+008,6.03649,1.95148e+030,3.34266e+026,3.81529e+010,561218,5.60537,3.32251e-013,0.0418819,2.01743
6.09696e+008,6.0503,1.95152e+030,3.34266e+026,3.54633e+010,551054,5.30631,2.92351e-013,0.0411234,2.01747
6.11088e+008,6.06411,1.95155e+030,3.34266e+026,3.29296e+010,540936,5.01936,2.56784e-013,0.0403684,2.0175
6.1248e+008,6.07793,1.95159e+030,3.34266e+026,3.05447e+010,530864,4.74417,2.25128e-013,0.0396167,2.01753
6.13872e+008,6.09174,1.95162e+030,3.34266e+026,2.83016e+010,520838,4.4804,1.96998e-013,0.0388685,2.01756
6.15264e+008,6.10555,1.95164e+030,3.34266e+026,2.61937e+010,510856,4.22772,1.72043e-013,0.0381236,2.01759
6.16656e+008,6.11937,1.95167e+030,3.34266e+026,2.42144e+010,500919,3.98578,1.49941e-013,0.037382,2.01762
6.18048e+008,6.13318,1.9517e+030,3.34266e+026,2.23576e+010,491027,3.75428,1.30402e-013,0.0366438,2.01765
6.1944e+008,6.14699,1.95172e+030,3.34266e+026,2.06172e+010,481179,3.5329,1.1316e-013,0.0359089,2.01767
6.20832e+008,6.16081,1.95175e+030,3.34266e+026,1.89876e+010,471375,3.32132,9.79747e-014,0.0351773,2.0177
6.22224e+008,6.17462,1.95177e+030,3.34266e+026,1.74631e+010,461615,3.11925,8.46264e-014,0.0344489,2.01772
6.23616e+008,6.18843,1.95179e+030,3.34266e+026,1.60385e+010,451898,2.92639,7.29171e-014,0.0337237,2.01774
6.25008e+008,6.20225,1.95181e+030,3.34266e+026,1.47086e+010,442224,2.74244,6.26677e-014,0.0330018,2.01776
6.264e+008,6.21606,1.95183e+030,3.34266e+026,1.34686e+010,432593,2.56714,5.3716e-014,0.0322831,2.01778
6.27792e+008,6.22987,1.95184e+030,3.34266e+026,1.23135e+010,423005,2.40019,4.59158e-014,0.0315675,2.0178
6.29184e+008,6.24369,1.95186e+030,3.34266e+026,1.12391e+010,413458,2.24133,3.91353e-014,0.0308551,2.01781
6.30576e+008,6.2575,1.95188e+030,3.34266e+026,1.02407e+010,403954,2.09029,3.3256e-014,0.0301458,2.01783
6.31968e+008,6.27131,1.95189e+030,3.34266e+026,9.31436e+009,394492,1.94681,2.81715e-014,0.0294397,2.01784
6.3336e+008,6.28513,1.9519e+030,3.34266e+026,8.45596e+009,385070,1.81063,2.37863e-014,0.0287366,2.01786
6.34752e+008,6.29894,1.95192e+030,3.34266e+026,7.66166e+009,375690,1.68151,2.00151e-014,0.0280366,2.01787
6.36144e+008,6.31275,1.95193e+030,3.34266e+026,6.92777e+009,366351,1.55921,1.67815e-014,0.0273397,2.01788
6.37536e+008,6.32657,1.95194e+030,3.34266e+026,6.25076e+009,357053,1.44347,1.40176e-014,0.0266457,2.01789
6.38928e+008,6.34038,1.95195e+030,3.34266e+026,5.62724e+009,347795,1.33407,1.1663e-014,0.0259548,2.0179
6.4032e+008,6.35419,1.95196e+030,3.34266e+026,5.05396e+009,338577,1.23079,9.6638e-015,0.0252669,2.01791
6.41712e+008,6.36801,1.95197e+030,3.34266e+026,4.52784e+009,329399,1.13338,7.97263e-015,0.024582,2.01792
6.43104e+008,6.38182,1.95197e+030,3.34266e+026,4.04591e+009,320260,1.04165,6.54741e-015,0.0239,2.01793
6.44496e+008,6.39564,1.95198e+030,3.34266e+026,3.60533e+009,311161,0.95536,5.35114e-015,0.023221,2.01793
6.45888e+008,6.40945,1.95199e+030,3.34266e+026,3.20342e+009,302101,0.874316,4.35126e-015,0.0225449,2.01794
6.4728e+008,6.42326,1.95199e+030,3.34266e+026,2.83758e+009,293080,0.798307,3.51927e-015,0.0218717,2.01795
6.48672e+008,6.43708,1.952e+030,3.34266e+026,2.50538e+009,284098,0.727132,2.83022e-015,0.0212013,2.01795
6.50064e+008,6.45089,1.95201e+030,3.34266e+026,2.20446e+009,275154,0.660595,2.26241e-015,0.0205338,2.01796
6.51456e+008,6.4647,1.95201e+030,3.34266e+026,1.93261e+009,266248,0.598504,1.79699e-015,0.0198692,2.01796
6.52848e+008,6.47852,1.95201e+030,3.34266e+026,1.68771e+009,257379,0.540669,1.41763e-015,0.0192074,2.01797
6.5424e+008,6.49233,1.95202e+030,3.34266e+026,1.46774e+009,248549,0.486906,1.11027e-015,0.0185484,2.01797
6.55632e+008,6.50614,1.95202e+030,3.34266e+026,1.2708e+009,239756,0.437036,8.62837e-016,0.0178922,2.01797
6.57024e+008,6.51996,1.95202e+030,3.34266e+026,1.09509e+009,231000,0.390881,6.65007e-016,0.0172388,2.01798
6.58416e+008,6.53377,1.95203e+030,3.34266e+026,9.38879e+008,222281,0.348269,5.07994e-016,0.0165881,2.01798
6.59808e+008,6.54758,1.95203e+030,3.34266e+026,8.0056e+008,213598,0.309032,3.84354e-016,0.0159402,2.01798
6.612e+008,6.5614,1.95203e+030,3.34266e+026,6.78602e+008,204953,0.273005,2.87819e-016,0.015295,2.01799
6.62592e+008,6.57521,1.95203e+030,3.34266e+026,5.71562e+008,196343,0.240025,2.13134e-016,0.0146525,2.01799
6.63984e+008,6.58902,1.95204e+030,3.34266e+026,4.7808e+008,187769,0.209934,1.55926e-016,0.0140126,2.01799
6.65376e+008,6.60284,1.95204e+030,3.34266e+026,3.9688e+008,179231,0.18258,1.12576e-016,0.0133755,2.01799
6.66768e+008,6.61665,1.95204e+030,3.34266e+026,3.26764e+008,170729,0.15781,8.01127e-017,0.012741,2.01799
6.6816e+008,6.63046,1.95204e+030,3.34266e+026,2.66608e+008,162262,0.135476,5.61139e-017,0.0121091,2.01799
6.69552e+008,6.64428,1.95204e+030,3.34266e+026,2.15364e+008,153831,0.115435,3.86229e-017,0.0114799,2.01799
6.70944e+008,6.65809,1.95204e+030,3.34266e+026,1.72053e+008,145434,0.0975451,2.60736e-017,0.0108533,2.018
6.72336e+008,6.6719,1.95204e+030,3.34266e+026,1.35766e+008,137072,0.081668,1.72257e-017,0.0102292,2.018
6.73728e+008,6.68572,1.95204e+030,3.34266e+026,1.0566e+008,128744,0.067669,1.11079e-017,0.00960775,2.018
6.7512e+008,6.69953,1.95204e+030,3.34266e+026,8.09536e+007,120450,0.055416,6.96956e-018,0.00898884,2.018
6.76512e+008,6.71334,1.95204e+030,3.34266e+026,6.09307e+007,112191,0.0447801,4.23892e-018,0.00837247,2.018
6.77904e+008,6.72716,1.95204e+030,3.34266e+026,4.49325e+007,103966,0.0356352,2.48756e-018,0.00775863,2.018
6.79296e+008,6.74097,1.95205e+030,3.34266e+026,3.23585e+007,95773.7,0.0278579,1.40046e-018,0.00714729,2.018
6.80688e+008,6.75479,1.95205e+030,3.34266e+026,2.26632e+007,87615.3,0.021328,7.5094e-019,0.00653845,2.018
6.8208e+008,6.7686,1.95205e+030,3.34266e+026,1.53552e+007,79490.1,0.0159275,3.79959e-019,0.0059321,2.018
6.83472e+008,6.78241,1.95205e+030,3.34266e+026,9.99412e+006,71397.9,0.0115416,1.79203e-019,0.0053282,2.018
6.84864e+008,6.79623,1.95205e+030,3.34266e+026,6.18978e+006,63338.6,0.00805777,7.74861e-020,0.00472676,2.018
6.86256e+008,6.81004,1.95205e+030,3.34266e+026,3.59977e+006,55311.8,0.00536617,3.00105e-020,0.00412775,2.018
6.87648e+008,6.82385,1.95205e+030,3.34266e+026,1.92793e+006,47317.6,0.00335952,1.00624e-020,0.00353116,2.018
6.8904e+008,6.83767,1.95205e+030,3.34266e+026,922624,39355.5,0.00193298,2.77067e-021,0.00293698,2.018
6.90432e+008,6.85148,1.95205e+030,3.34266e+026,375086,31425.5,0.00098414,5.73485e-022,0.00234519,2.018
6.91824e+008,6.86529,1.95205e+030,3.34266e+026,117840,23527.3,0.000412979,7.56059e-023,0.00175577,2.018
6.93216e+008,6.87911,1.95205e+030,3.34266e+026,23134.6,15660.8,0.000121802,4.37773e-024,0.00116872,2.018
6.94608e+008,6.89292,1.95205e+030,3.34266e+026,1442.5,7825.79,1.51983e-005,3.40598e-026,0.000584014,2.018
6.96e+008,6.897,1.95205e+030,3.34266e+026,0,0,0,0,0,2.018
