radius,xi,mass,luminosity,pressure,temperature,density,theta,y
696000,0.01,7.04352e+027,0,73601.6,1.32799e+007,74267.1,0.991039,0
1.392e+006,0.0138135,7.04384e+027,0,73601.6,1.32799e+007,74267.1,0.991039,0
2.088e+006,0.0207202,7.04509e+027,0,73601.6,1.32799e+007,74267.1,0.991039,0
2.784e+006,0.0276269,7.04793e+027,0,73601.6,1.32799e+007,74267.1,0.991039,0
3.48e+006,0.0345337,7.05296e+027,0,73601.6,1.32799e+007,74267.1,0.991039,0
4.176e+006,0.0414404,7.06083e+027,0,73601.6,1.32799e+007,74267.1,0.991039,0
4.872e+006,0.0483471,7.07215e+027,0,73601.6,1.32799e+007,74267.1,0.991039,0
5.568e+006,0.0552539,7.08757e+027,0,73601.6,1.32799e+007,74267.1,0.991039,0
6.264e+006,0.0621606,7.10771e+027,0,73601.6,1.32799e+007,74267.1,0.991039,0
6.96e+006,0.0690673,7.1332e+027,0,73601.6,1.32799e+007,74267.1,0.991039,0
7.656e+006,0.0759741,7.16466e+027,0,73601.6,1.32799e+007,74267.1,0.991039,0
8.352e+006,0.0828808,7.20274e+027,0,73601.6,1.32799e+007,74267.1,0.991039,0
9.048e+006,0.0897875,7.24805e+027,0,73601.6,1.32799e+007,74267.1,0.991039,0
9.744e+006,0.0966943,7.30122e+027,0,73601.6,1.32799e+007,74267.1,0.991039,0
1.044e+007,0.103601,7.3629e+027,0,73601.6,1.32799e+007,74267.1,0.991039,0
1.1136e+007,0.110508,7.43369e+027,0,73601.6,1.32799e+007,74267.1,0.991039,0
1.1832e+007,0.117414,7.51424e+027,0,73601.6,1.32799e+007,74267.1,0.991039,0
1.2528e+007,0.124321,7.60518e+027,0,73601.6,1.32799e+007,74267.1,0.991039,0
1.3224e+007,0.131228,7.70713e+027,0,73601.6,1.32799e+007,74267.1,0.991039,0
1.392e+007,0.138135,7.82072e+027,0,73601.6,1.32799e+007,74267.1,0.991039,0
1.4616e+007,0.145041,7.94658e+027,0,73601.6,1.32799e+007,74267.1,0.991039,0
1.5312e+007,0.151948,8.08534e+027,0,73601.6,1.32799e+007,74267.1,0.991039,0
1.6008e+007,0.158855,8.23764e+027,0,73601.6,1.32799e+007,74267.1,0.991039,0
1.6704e+007,0.165762,8.40409e+027,0,73601.6,1.32799e+007,74267.1,0.991039,0
1.74e+007,0.172668,8.58533e+027,0,73601.6,1.32799e+007,74267.1,0.991039,0
1.8096e+007,0.179575,8.78199e+027,0,73601.6,1.32799e+007,74267.1,0.991039,0
1.8792e+007,0.186482,8.99469e+027,0,73588.2,1.32793e+007,74257,0.990994,0.0002272
1.9488e+007,0.193389,9.22405e+027,0,73562,1.32781e+007,74237.1,0.990905,0.000478522
2.0184e+007,0.200295,9.47064e+027,0,73523.7,1.32764e+007,74208.2,0.990777,0.000748011
2.088e+007,0.207202,9.73505e+027,0,73474.3,1.32742e+007,74170.7,0.99061,0.00103626
2.1576e+007,0.214109,1.00179e+028,0,73414.2,1.32715e+007,74125.3,0.990407,0.00134386
2.2272e+007,0.221015,1.03197e+028,0,73344.2,1.32683e+007,74072.2,0.990171,0.00167139
2.2968e+007,0.227922,1.0641e+028,0,73264.7,1.32647e+007,74012,0.989903,0.00201942
2.3664e+007,0.234829,1.09825e+028,0,73176.1,1.32607e+007,73944.9,0.989604,0.00238854
2.436e+007,0.241736,1.13447e+028,0,73079,1.32563e+007,73871.3,0.989275,0.00277929
2.5056e+007,0.248642,1.17281e+028,0,72973.7,1.32515e+007,73791.4,0.988918,0.00319225
2.5752e+007,0.255549,1.21333e+028,0,72860.5,1.32464e+007,73705.6,0.988535,0.00362796
2.6448e+007,0.262456,1.25608e+028,0,72739.8,1.32409e+007,73613.9,0.988125,0.00408697
2.7144e+007,0.269363,1.30111e+028,0,72611.8,1.3235e+007,73516.8,0.98769,0.00456981
2.784e+007,0.276269,1.34849e+028,0,72476.8,1.32289e+007,73414.2,0.98723,0.00507703
2.8536e+007,0.283176,1.39826e+028,0,72335,1.32224e+007,73306.5,0.986747,0.00560914
2.9232e+007,0.290083,1.45046e+028,0,72186.7,1.32156e+007,73193.7,0.986241,0.00616667
2.9928e+007,0.29699,1.50517e+028,0,72032.1,1.32085e+007,73076.1,0.985713,0.00675012
3.0624e+007,0.303896,1.56241e+028,0,71871.3,1.32012e+007,72953.8,0.985162,0.00736001
3.132e+007,0.310803,1.62225e+028,0,71704.6,1.31935e+007,72826.8,0.98459,0.00799682
3.2016e+007,0.31771,1.68474e+028,0,71532.1,1.31856e+007,72695.4,0.983998,0.00866104
3.2712e+007,0.324616,1.74991e+028,0,71354,1.31774e+007,72559.6,0.983385,0.00935317
3.3408e+007,0.331523,1.81782e+028,0,71170.5,1.31689e+007,72419.6,0.982752,0.0100737
3.4104e+007,0.33843,1.88851e+028,0,70981.6,1.31601e+007,72275.4,0.982099,0.010823
3.48e+007,0.345337,1.96203e+028,0,70787.5,1.31511e+007,72127.2,0.981427,0.0116016
3.5496e+007,0.352243,2.03843e+028,0,70588.5,1.31419e+007,71975,0.980736,0.01241
3.6192e+007,0.35915,2.11774e+028,0,70384.4,1.31324e+007,71818.9,0.980027,0.0132486
3.6888e+007,0.366057,2.20002e+028,0,70175.6,1.31226e+007,71659,0.979299,0.0141178
3.7584e+007,0.372964,2.28531e+028,0,69962.1,1.31126e+007,71495.5,0.978554,0.015018
3.828e+007,0.37987,2.37363e+028,0,69744.1,1.31024e+007,71328.3,0.97779,0.0159497
3.8976e+007,0.386777,2.46505e+028,0,69521.5,1.30919e+007,71157.5,0.977009,0.0169133
3.9672e+007,0.393684,2.55959e+028,0,69294.7,1.30812e+007,70983.3,0.976211,0.0179092
4.0368e+007,0.400591,2.65731e+028,0,69063.5,1.30703e+007,70805.6,0.975396,0.0189377
4.1064e+007,0.407497,2.75822e+028,0,68828.2,1.30592e+007,70624.6,0.974564,0.0199993
4.176e+007,0.414404,2.86238e+028,0,68588.9,1.30478e+007,70440.3,0.973716,0.0210943
4.2456e+007,0.421311,2.96982e+028,0,68345.6,1.30362e+007,70252.8,0.972851,0.0222231
4.3152e+007,0.428217,3.08057e+028,0,68098.4,1.30244e+007,70062.2,0.97197,0.023386
4.3848e+007,0.435124,3.19468e+028,0,67847.4,1.30124e+007,69868.4,0.971074,0.0245835
4.4544e+007,0.442031,3.31217e+028,0,67592.7,1.30002e+007,69671.6,0.970161,0.0258158
4.524e+007,0.448938,3.43308e+028,0,67334.4,1.29877e+007,69471.9,0.969233,0.0270832
4.5936e+007,0.455844,3.55743e+028,0,67072.6,1.29751e+007,69269.2,0.968289,0.0283861
4.6632e+007,0.462751,3.68527e+028,0,66807.4,1.29622e+007,69063.6,0.967331,0.0297249
4.7328e+007,0.469658,3.81663e+028,0,66538.8,1.29492e+007,68855.3,0.966357,0.0310997
4.8024e+007,0.476565,3.95152e+028,0,66266.9,1.29359e+007,68644.2,0.965368,0.0325109
4.872e+007,0.483471,4.08999e+028,0,65991.8,1.29225e+007,68430.3,0.964365,0.0339588
4.9416e+007,0.490378,4.23205e+028,0,65713.6,1.29088e+007,68213.8,0.963347,0.0354437
5.0112e+007,0.497285,4.37774e+028,0,65432.3,1.2895e+007,67994.8,0.962314,0.0369657
5.0808e+007,0.504192,4.52708e+028,0,65148.1,1.2881e+007,67773.1,0.961268,0.0385253
5.1504e+007,0.511098,4.6801e+028,0,64861,1.28668e+007,67549,0.960207,0.0401225
5.22e+007,0.518005,4.83681e+028,0,64571.1,1.28524e+007,67322.4,0.959132,0.0417578
5.2896e+007,0.524912,4.99726e+028,0,64278.4,1.28378e+007,67093.4,0.958043,0.0434312
5.3592e+007,0.531818,5.16145e+028,0,63983.1,1.2823e+007,66862.1,0.956941,0.045143
5.4288e+007,0.538725,5.3294e+028,0,63685.1,1.28081e+007,66628.4,0.955825,0.0468934
5.4984e+007,0.545632,5.50115e+028,0,63384.7,1.27929e+007,66392.5,0.954696,0.0486826
5.568e+007,0.552539,5.6767e+028,0,63081.7,1.27776e+007,66154.4,0.953553,0.0505109
5.6376e+007,0.559445,5.85608e+028,0,62776.4,1.27621e+007,65914.1,0.952397,0.0523783
5.7072e+007,0.566352,6.03931e+028,0,62468.8,1.27465e+007,65671.7,0.951228,0.0542851
5.7768e+007,0.573259,6.2264e+028,0,62158.9,1.27306e+007,65427.3,0.950046,0.0562314
5.8464e+007,0.580166,6.41736e+028,0,61846.9,1.27146e+007,65180.8,0.948852,0.0582173
5.916e+007,0.587072,6.61222e+028,0,61532.7,1.26984e+007,64932.3,0.947644,0.0602431
5.9856e+007,0.593979,6.81098e+028,0,61216.5,1.26821e+007,64681.9,0.946425,0.0623088
6.0552e+007,0.600886,7.01366e+028,0,60898.3,1.26656e+007,64429.6,0.945192,0.0644146
6.1248e+007,0.607793,7.22028e+028,0,60578.3,1.26489e+007,64175.4,0.943948,0.0665606
6.1944e+007,0.614699,7.43084e+028,0,60256.3,1.26321e+007,63919.5,0.942691,0.0687469
6.264e+007,0.621606,7.64535e+028,0,59932.6,1.26151e+007,63661.8,0.941423,0.0709736
6.3336e+007,0.628513,7.86382e+028,0,59607.2,1.25979e+007,63402.3,0.940142,0.0732407
6.4032e+007,0.635419,8.08627e+028,0,59280.1,1.25806e+007,63141.2,0.93885,0.0755485
6.4728e+007,0.642326,8.3127e+028,0,58951.5,1.25631e+007,62878.5,0.937546,0.0778968
6.5424e+007,0.649233,8.54311e+028,0,58621.3,1.25455e+007,62614.2,0.93623,0.0802858
6.612e+007,0.65614,8.77751e+028,0,58289.6,1.25277e+007,62348.3,0.934903,0.0827156
6.6816e+007,0.663046,9.01591e+028,0,57956.6,1.25098e+007,62080.9,0.933565,0.0851861
6.7512e+007,0.669953,9.25832e+028,0,57622.2,1.24917e+007,61812.1,0.932215,0.0876975
6.8208e+007,0.67686,9.50473e+028,0,57286.5,1.24735e+007,61541.8,0.930855,0.0902497
6.8904e+007,0.683767,9.75514e+028,0,56949.7,1.24551e+007,61270.2,0.929483,0.0928428
6.96e+007,0.690673,1.00096e+029,0,56611.6,1.24366e+007,60997.3,0.928101,0.0954767
7.0296e+007,0.69758,1.0268e+029,0,56272.5,1.24179e+007,60723,0.926708,0.0981515
7.0992e+007,0.704487,1.05304e+029,0,55932.3,1.23991e+007,60447.5,0.925304,0.100867
7.1688e+007,0.711394,1.07969e+029,0,55591.1,1.23801e+007,60170.7,0.92389,0.103624
7.2384e+007,0.7183,1.10673e+029,0,55249.1,1.2361e+007,59892.8,0.922465,0.106421
7.308e+007,0.725207,1.13418e+029,0,54906.1,1.23418e+007,59613.8,0.921031,0.109259
7.3776e+007,0.732114,1.16203e+029,0,54562.4,1.23224e+007,59333.6,0.919586,0.112138
7.4472e+007,0.73902,1.19027e+029,0,54217.9,1.23029e+007,59052.4,0.918131,0.115057
7.5168e+007,0.745927,1.21892e+029,0,53872.6,1.22833e+007,58770.2,0.916666,0.118017
7.5864e+007,0.752834,1.24796e+029,0,53526.8,1.22636e+007,58487,0.915191,0.121018
7.656e+007,0.759741,1.2774e+029,0,53180.3,1.22437e+007,58202.9,0.913706,0.124059
7.7256e+007,0.766647,1.30724e+029,0,52833.4,1.22236e+007,57917.8,0.912212,0.12714
7.7952e+007,0.773554,1.33747e+029,0,52485.9,1.22035e+007,57631.9,0.910709,0.130262
7.8648e+007,0.780461,1.3681e+029,0,52138,1.21832e+007,57345.2,0.909196,0.133424
7.9344e+007,0.787368,1.39913e+029,0,51789.7,1.21628e+007,57057.7,0.907674,0.136626
8.004e+007,0.794274,1.43054e+029,0,51441.1,1.21423e+007,56769.4,0.906143,0.139868
8.0736e+007,0.801181,1.46235e+029,0,51092.3,1.21217e+007,56480.4,0.904602,0.14315
8.1432e+007,0.808088,1.49455e+029,0,50743.2,1.21009e+007,56190.7,0.903053,0.146471
8.2128e+007,0.814995,1.52714e+029,0,50393.9,1.208e+007,55900.4,0.901495,0.149832
8.2824e+007,0.821901,1.56012e+029,0,50044.5,1.2059e+007,55609.4,0.899928,0.153232
8.352e+007,0.828808,1.59348e+029,0,49695,1.20379e+007,55317.9,0.898353,0.156672
8.4216e+007,0.835715,1.62723e+029,0,49345.5,1.20167e+007,55025.9,0.896769,0.160151
8.4912e+007,0.842621,1.66136e+029,0,48996,1.19954e+007,54733.3,0.895177,0.163669
8.5608e+007,0.849528,1.69588e+029,0,48646.6,1.19739e+007,54440.3,0.893577,0.167225
8.6304e+007,0.856435,1.73077e+029,0,48297.2,1.19524e+007,54146.8,0.891968,0.17082
8.7e+007,0.863342,1.76605e+029,0,47948.1,1.19307e+007,53852.9,0.890352,0.174454
8.7696e+007,0.870248,1.8017e+029,0,47599.1,1.19089e+007,53558.7,0.888727,0.178125
8.8392e+007,0.877155,1.83772e+029,0,47250.4,1.18871e+007,53264.1,0.887095,0.181835
8.9088e+007,0.884062,1.87412e+029,0,46901.9,1.18651e+007,52969.3,0.885455,0.185583
8.9784e+007,0.890969,1.91089e+029,0,46553.8,1.1843e+007,52674.1,0.883807,0.189368
9.048e+007,0.897875,1.94803e+029,0,46206.1,1.18208e+007,52378.8,0.882152,0.19319
9.1176e+007,0.904782,1.98553e+029,0,45858.7,1.17986e+007,52083.2,0.88049,0.19705
9.1872e+007,0.911689,2.0234e+029,0,45511.8,1.17762e+007,51787.4,0.87882,0.200946
9.2568e+007,0.918596,2.06163e+029,0,45165.4,1.17537e+007,51491.5,0.877143,0.204879
9.3264e+007,0.925502,2.10022e+029,0,44819.6,1.17312e+007,51195.5,0.875459,0.208849
9.396e+007,0.932409,2.13917e+029,0,44474.3,1.17085e+007,50899.4,0.873768,0.212854
9.4656e+007,0.939316,2.17847e+029,0,44129.6,1.16857e+007,50603.3,0.87207,0.216896
9.5352e+007,0.946222,2.21813e+029,0,43785.6,1.16629e+007,50307.1,0.870366,0.220973
9.6048e+007,0.953129,2.25813e+029,0,43442.3,1.164e+007,50011,0.868654,0.225086
9.6744e+007,0.960036,2.29848e+029,0,43099.7,1.16169e+007,49714.9,0.866937,0.229233
9.744e+007,0.966943,2.33918e+029,0,42757.8,1.15938e+007,49418.8,0.865212,0.233416
9.8136e+007,0.973849,2.38022e+029,0,42416.7,1.15707e+007,49122.9,0.863482,0.237633
9.8832e+007,0.980756,2.42159e+029,0,42076.5,1.15474e+007,48827.1,0.861745,0.241884
9.9528e+007,0.987663,2.46331e+029,0,41737.1,1.1524e+007,48531.4,0.860002,0.24617
1.00224e+008,0.99457,2.50535e+029,0,41398.6,1.15006e+007,48235.9,0.858253,0.250489
1.0092e+008,1.00148,2.54773e+029,0,41061,1.14771e+007,47940.6,0.856498,0.254841
1.01616e+008,1.00838,2.59044e+029,0,40724.4,1.14535e+007,47645.5,0.854737,0.259227
1.02312e+008,1.01529,2.63347e+029,0,40388.8,1.14298e+007,47350.7,0.852971,0.263645
1.03008e+008,1.0222,2.67682e+029,0,40054.2,1.14061e+007,47056.2,0.851199,0.268096
1.03704e+008,1.0291,2.72049e+029,0,39720.6,1.13822e+007,46762,0.849421,0.272579
1.044e+008,1.03601,2.76447e+029,0,39388.2,1.13583e+007,46468.2,0.847638,0.277094
1.05096e+008,1.04292,2.80877e+029,0,39056.8,1.13344e+007,46174.7,0.845849,0.28164
1.05792e+008,1.04982,2.85337e+029,0,38726.6,1.13103e+007,45881.5,0.844056,0.286217
1.06488e+008,1.05673,2.89829e+029,0,38397.5,1.12862e+007,45588.8,0.842257,0.290825
1.07184e+008,1.06364,2.9435e+029,0,38069.6,1.12621e+007,45296.5,0.840453,0.295464
1.0788e+008,1.07054,2.98902e+029,0,37743,1.12378e+007,45004.7,0.838644,0.300133
1.08576e+008,1.07745,3.03482e+029,0,37417.5,1.12135e+007,44713.4,0.836831,0.304832
1.09272e+008,1.08436,3.08093e+029,0,37093.4,1.11892e+007,44422.6,0.835013,0.30956
1.09968e+008,1.09126,3.12732e+029,0,36770.5,1.11647e+007,44132.2,0.83319,0.314317
1.10664e+008,1.09817,3.174e+029,0,36449,1.11403e+007,43842.5,0.831362,0.319103
1.1136e+008,1.10508,3.22096e+029,0,36128.8,1.11157e+007,43553.3,0.82953,0.323918
1.12056e+008,1.11198,3.2682e+029,0,35809.9,1.10911e+007,43264.7,0.827694,0.328761
1.12752e+008,1.11889,3.31571e+029,0,35492.4,1.10664e+007,42976.7,0.825853,0.333631
1.13448e+008,1.1258,3.3635e+029,0,35176.4,1.10417e+007,42689.3,0.824008,0.338528
1.14144e+008,1.1327,3.41155e+029,0,34861.7,1.10169e+007,42402.6,0.822159,0.343453
1.1484e+008,1.13961,3.45987e+029,0,34548.5,1.09921e+007,42116.6,0.820307,0.348404
1.15536e+008,1.14652,3.50845e+029,0,34236.8,1.09672e+007,41831.2,0.81845,0.353382
1.16232e+008,1.15342,3.55729e+029,0,33926.5,1.09423e+007,41546.6,0.816589,0.358385
1.16928e+008,1.16033,3.60638e+029,0,33617.7,1.09173e+007,41262.7,0.814725,0.363414
1.17624e+008,1.16724,3.65572e+029,0,33310.5,1.08923e+007,40979.5,0.812857,0.368468
1.1832e+008,1.17414,3.70531e+029,0,33004.8,1.08672e+007,40697.1,0.810986,0.373547
1.19016e+008,1.18105,3.75514e+029,0,32700.6,1.08421e+007,40415.5,0.809111,0.37865
1.19712e+008,1.18796,3.80521e+029,0,32398.1,1.08169e+007,40134.7,0.807232,0.383777
1.20408e+008,1.19486,3.85551e+029,0,32097.1,1.07917e+007,39854.8,0.805351,0.388928
1.21104e+008,1.20177,3.90605e+029,0,31797.7,1.07664e+007,39575.6,0.803466,0.394102
1.218e+008,1.20868,3.95682e+029,0,31499.9,1.07412e+007,39297.3,0.801579,0.399298
1.22496e+008,1.21559,4.00781e+029,0,31203.7,1.07158e+007,39019.9,0.799688,0.404518
1.23192e+008,1.22249,4.05901e+029,0,30909.2,1.06904e+007,38743.3,0.797794,0.409759
1.23888e+008,1.2294,4.11044e+029,0,30616.3,1.0665e+007,38467.7,0.795898,0.415022
1.24584e+008,1.23631,4.16208e+029,0,30325.1,1.06396e+007,38193,0.793998,0.420306
1.2528e+008,1.24321,4.21393e+029,0,30035.6,1.06141e+007,37919.1,0.792096,0.425611
1.25976e+008,1.25012,4.26598e+029,0,29747.8,1.05886e+007,37646.3,0.790192,0.430937
1.26672e+008,1.25703,4.31823e+029,0,29461.7,1.0563e+007,37374.4,0.788285,0.436283
1.27368e+008,1.26393,4.37068e+029,0,29177.2,1.05374e+007,37103.5,0.786375,0.441648
1.28064e+008,1.27084,4.42333e+029,0,28894.5,1.05118e+007,36833.5,0.784464,0.447033
1.2876e+008,1.27775,4.47616e+029,0,28613.6,1.04862e+007,36564.6,0.78255,0.452437
1.29456e+008,1.28465,4.52918e+029,0,28334.4,1.04605e+007,36296.6,0.780633,0.457859
1.30152e+008,1.29156,4.58238e+029,0,28056.9,1.04348e+007,36029.7,0.778715,0.4633
1.30848e+008,1.29847,4.63577e+029,0,27781.1,1.04091e+007,35763.8,0.776795,0.468758
1.31544e+008,1.30537,4.68932e+029,0,27507.2,1.03833e+007,35499,0.774873,0.474233
1.3224e+008,1.31228,4.74304e+029,0,27235,1.03575e+007,35235.2,0.772949,0.479726
1.32936e+008,1.31919,4.79694e+029,0,26964.6,1.03317e+007,34972.5,0.771023,0.485235
1.33632e+008,1.32609,4.85099e+029,0,26696,1.03059e+007,34710.9,0.769095,0.490761
1.34328e+008,1.333,4.9052e+029,0,26429.1,1.028e+007,34450.3,0.767166,0.496302
1.35024e+008,1.33991,4.95957e+029,0,26164.1,1.02542e+007,34190.9,0.765236,0.501858
1.3572e+008,1.34681,5.01409e+029,0,25900.8,1.02283e+007,33932.5,0.763304,0.50743
1.36416e+008,1.35372,5.06876e+029,0,25639.4,1.02024e+007,33675.3,0.76137,0.513016
1.37112e+008,1.36063,5.12357e+029,0,25379.8,1.01764e+007,33419.3,0.759435,0.518617
1.37808e+008,1.36753,5.17852e+029,0,25121.9,1.01505e+007,33164.3,0.757499,0.524231
1.38504e+008,1.37444,5.2336e+029,0,24865.9,1.01245e+007,32910.5,0.755562,0.529859
1.392e+008,1.38135,5.28882e+029,0,24611.8,1.00986e+007,32657.9,0.753624,0.535499
1.39896e+008,1.38825,5.34417e+029,0,24359.4,1.00726e+007,32406.4,0.751684,0.541153
1.40592e+008,1.39516,5.39964e+029,0,24108.8,1.00466e+007,32156.1,0.749744,0.546819
1.41288e+008,1.40207,5.45523e+029,0,23860.1,1.00206e+007,31907,0.747803,0.552496
1.41984e+008,1.40897,5.51094e+029,0,23613.2,9.99453e+006,31659.1,0.745861,0.558186
1.4268e+008,1.41588,5.56676e+029,0,23368.2,9.9685e+006,31412.3,0.743918,0.563886
1.43376e+008,1.42279,5.62269e+029,0,23125,9.94246e+006,31166.8,0.741975,0.569597
1.44072e+008,1.42969,5.67872e+029,0,22883.6,9.91641e+006,30922.4,0.740031,0.575318
1.44768e+008,1.4366,5.73486e+029,0,22644,9.89035e+006,30679.3,0.738086,0.58105
1.45464e+008,1.44351,5.7911e+029,0,22406.2,9.86429e+006,30437.4,0.736141,0.586791
1.4616e+008,1.45041,5.84743e+029,0,22170.3,9.83822e+006,30196.7,0.734196,0.592541
1.46856e+008,1.45732,5.90385e+029,0,21936.2,9.81215e+006,29957.3,0.73225,0.598301
1.47552e+008,1.46423,5.96035e+029,0,21704,9.78607e+006,29719.1,0.730304,0.604068
1.48248e+008,1.47113,6.01694e+029,0,21473.5,9.76e+006,29482.1,0.728358,0.609844
1.48944e+008,1.47804,6.07361e+029,0,21244.9,9.73391e+006,29246.4,0.726412,0.615628
1.4964e+008,1.48495,6.13036e+029,0,21018.1,9.70783e+006,29012,0.724465,0.621418
1.50336e+008,1.49185,6.18718e+029,0,20793.2,9.68175e+006,28778.7,0.722519,0.627216
1.51032e+008,1.49876,6.24407e+029,0,20570,9.65567e+006,28546.8,0.720572,0.633021
1.51728e+008,1.50567,6.30102e+029,0,20348.7,9.62959e+006,28316.1,0.718626,0.638832
1.52424e+008,1.51257,6.35803e+029,0,20129.2,9.60351e+006,28086.7,0.71668,0.644649
1.5312e+008,1.51948,6.41511e+029,0,19911.4,9.57744e+006,27858.5,0.714734,0.650471
1.53816e+008,1.52639,6.47223e+029,0,19695.5,9.55137e+006,27631.6,0.712789,0.656298
1.54512e+008,1.53329,6.52941e+029,0,19481.4,9.5253e+006,27406,0.710843,0.662131
1.55208e+008,1.5402,6.58664e+029,0,19269.1,9.49924e+006,27181.7,0.708899,0.667968
1.55904e+008,1.54711,6.64391e+029,0,19058.5,9.47319e+006,26958.7,0.706954,0.673809
1.566e+008,1.55402,6.70122e+029,0,18849.8,9.44714e+006,26736.9,0.70501,0.679654
1.57296e+008,1.56092,6.75856e+029,0,18642.8,9.4211e+006,26516.4,0.703067,0.685502
1.57992e+008,1.56783,6.81595e+029,0,18437.7,9.39507e+006,26297.2,0.701125,0.691353
1.58688e+008,1.57474,6.87336e+029,0,18234.2,9.36905e+006,26079.4,0.699183,0.697207
1.59384e+008,1.58164,6.9308e+029,0,18032.6,9.34304e+006,25862.7,0.697242,0.703064
1.6008e+008,1.58855,6.98826e+029,0,17832.7,9.31704e+006,25647.4,0.695301,0.708922
1.60776e+008,1.59546,7.04574e+029,0,17634.6,9.29105e+006,25433.4,0.693362,0.714783
1.61472e+008,1.60236,7.10324e+029,0,17438.2,9.26507e+006,25220.7,0.691423,0.720644
1.62168e+008,1.60927,7.16075e+029,0,17243.5,9.23911e+006,25009.2,0.689486,0.726507
1.62864e+008,1.61618,7.21828e+029,0,17050.6,9.21316e+006,24799.1,0.687549,0.732371
1.6356e+008,1.62308,7.27581e+029,0,16859.4,9.18723e+006,24590.3,0.685614,0.738235
1.64256e+008,1.62999,7.33335e+029,0,16670,9.16131e+006,24382.7,0.68368,0.744099
1.64952e+008,1.6369,7.39088e+029,0,16482.2,9.1354e+006,24176.5,0.681746,0.749963
1.65648e+008,1.6438,7.44842e+029,0,16296.2,9.10951e+006,23971.5,0.679814,0.755826
1.66344e+008,1.65071,7.50595e+029,0,16111.8,9.08364e+006,23767.9,0.677884,0.761688
1.6704e+008,1.65762,7.56347e+029,0,15929.2,9.05779e+006,23565.5,0.675954,0.76755
1.67736e+008,1.66452,7.62098e+029,0,15748.2,9.03195e+006,23364.4,0.674026,0.77341
1.68432e+008,1.67143,7.67847e+029,0,15569,9.00614e+006,23164.7,0.6721,0.779268
1.69128e+008,1.67834,7.73595e+029,0,15391.4,8.98034e+006,22966.2,0.670175,0.785123
1.69824e+008,1.68524,7.7934e+029,0,15215.4,8.95457e+006,22769,0.668251,0.790977
1.7052e+008,1.69215,7.85084e+029,0,15041.1,8.92881e+006,22573.1,0.666329,0.796828
1.71216e+008,1.69906,7.90824e+029,0,14868.5,8.90308e+006,22378.5,0.664409,0.802676
1.71912e+008,1.70596,7.96562e+029,0,14697.4,8.87736e+006,22185.1,0.66249,0.80852
1.72608e+008,1.71287,8.02296e+029,0,14528.1,8.85168e+006,21993.1,0.660573,0.814361
1.73304e+008,1.71978,8.08027e+029,0,14360.3,8.82601e+006,21802.4,0.658657,0.820198
1.74e+008,1.72668,8.13755e+029,0,14194.1,8.80037e+006,21612.9,0.656744,0.826031
1.74696e+008,1.73359,8.19478e+029,0,14029.6,8.77475e+006,21424.7,0.654832,0.83186
1.75392e+008,1.7405,8.25196e+029,0,13866.6,8.74916e+006,21237.8,0.652922,0.837683
1.76088e+008,1.7474,8.3091e+029,0,13705.2,8.72359e+006,21052.1,0.651014,0.843502
1.76784e+008,1.75431,8.3662e+029,0,13545.4,8.69805e+006,20867.8,0.649108,0.849316
1.7748e+008,1.76122,8.42324e+029,0,13387.2,8.67254e+006,20684.7,0.647204,0.855124
1.78176e+008,1.76812,8.48022e+029,0,13230.5,8.64705e+006,20502.8,0.645302,0.860926
1.78872e+008,1.77503,8.53715e+029,0,13075.4,8.62159e+006,20322.3,0.643402,0.866722
1.79568e+008,1.78194,8.59402e+029,0,12921.8,8.59616e+006,20143,0.641504,0.872511
1.80264e+008,1.78884,8.65083e+029,0,12769.7,8.57076e+006,19964.9,0.639609,0.878295
1.8096e+008,1.79575,8.70757e+029,0,12619.2,8.54538e+006,19788.1,0.637715,0.884071
1.81656e+008,1.80266,8.76424e+029,0,12470.2,8.52004e+006,19612.6,0.635824,0.88984
1.82352e+008,1.80956,8.82085e+029,0,12322.6,8.49473e+006,19438.3,0.633935,0.895602
1.83048e+008,1.81647,8.87738e+029,0,12176.6,8.46945e+006,19265.3,0.632048,0.901356
1.83744e+008,1.82338,8.93384e+029,0,12032,8.44419e+006,19093.5,0.630164,0.907102
1.8444e+008,1.83028,8.99022e+029,0,11888.9,8.41898e+006,18922.9,0.628282,0.91284
1.85136e+008,1.83719,9.04652e+029,0,11747.3,8.39379e+006,18753.6,0.626402,0.91857
1.85832e+008,1.8441,9.10274e+029,0,11607.1,8.36863e+006,18585.5,0.624525,0.924291
1.86528e+008,1.851,9.15888e+029,0,11468.3,8.34351e+006,18418.6,0.62265,0.930004
1.87224e+008,1.85791,9.21492e+029,0,11331,8.31842e+006,18253,0.620778,0.935707
1.8792e+008,1.86482,9.27088e+029,0,11195.1,8.29337e+006,18088.5,0.618908,0.941401
1.88616e+008,1.87172,9.32675e+029,0,11060.7,8.26835e+006,17925.3,0.617041,0.947086
1.89312e+008,1.87863,9.38253e+029,0,10927.6,8.24336e+006,17763.3,0.615176,0.952761
1.90008e+008,1.88554,9.43821e+029,0,10795.9,8.21842e+006,17602.5,0.613315,0.958426
1.90704e+008,1.89244,9.49379e+029,0,10665.6,8.1935e+006,17442.9,0.611455,0.96408
1.914e+008,1.89935,9.54927e+029,0,10536.6,8.16862e+006,17284.5,0.609599,0.969725
1.92096e+008,1.90626,9.60465e+029,0,10409,8.14378e+006,17127.3,0.607745,0.975358
1.92792e+008,1.91317,9.65993e+029,0,10282.8,8.11898e+006,16971.3,0.605894,0.980981
1.93488e+008,1.92007,9.7151e+029,0,10157.9,8.09421e+006,16816.4,0.604045,0.986593
1.94184e+008,1.92698,9.77016e+029,0,10034.3,8.06948e+006,16662.8,0.6022,0.992194
1.9488e+008,1.93389,9.82512e+029,0,9912.06,8.04479e+006,16510.3,0.600357,0.997784
1.95576e+008,1.94079,9.87996e+029,0,9791.11,8.02013e+006,16358.9,0.598518,1.00336
1.96272e+008,1.9477,9.93469e+029,0,9671.46,7.99552e+006,16208.8,0.596681,1.00893
1.96968e+008,1.95461,9.9893e+029,0,9553.1,7.97094e+006,16059.8,0.594847,1.01448
1.97664e+008,1.96151,1.00438e+030,0,9436.02,7.94641e+006,15911.9,0.593016,1.02002
1.9836e+008,1.96842,1.00982e+030,0,9320.2,7.92191e+006,15765.2,0.591187,1.02555
1.99056e+008,1.97533,1.01524e+030,0,9205.64,7.89746e+006,15619.7,0.589362,1.03107
1.99752e+008,1.98223,1.02066e+030,0,9092.33,7.87304e+006,15475.2,0.58754,1.03657
2.00448e+008,1.98914,1.02606e+030,0,8980.25,7.84867e+006,15332,0.585721,1.04207
2.01144e+008,1.99605,1.03144e+030,0,8869.4,7.82433e+006,15189.8,0.583905,1.04754
2.0184e+008,2.00295,1.03682e+030,0,8759.77,7.80004e+006,15048.8,0.582092,1.05301
2.02536e+008,2.00986,1.04218e+030,0,8651.34,7.77579e+006,14908.8,0.580283,1.05846
2.03232e+008,2.01677,1.04753e+030,0,8544.1,7.75158e+006,14770,0.578476,1.0639
2.03928e+008,2.02367,1.05287e+030,0,8438.05,7.72741e+006,14632.3,0.576673,1.06932
2.04624e+008,2.03058,1.05819e+030,0,8333.18,7.70329e+006,14495.7,0.574872,1.07473
2.0532e+008,2.03749,1.0635e+030,0,8229.47,7.67921e+006,14360.2,0.573075,1.08013
2.06016e+008,2.04439,1.06879e+030,0,8126.91,7.65517e+006,14225.8,0.571282,1.08551
2.06712e+008,2.0513,1.07407e+030,0,8025.5,7.63118e+006,14092.4,0.569491,1.09088
2.07408e+008,2.05821,1.07934e+030,0,7925.22,7.60723e+006,13960.1,0.567704,1.09623
2.08104e+008,2.06511,1.08459e+030,0,7826.07,7.58332e+006,13828.9,0.56592,1.10157
2.088e+008,2.07202,1.08983e+030,0,7728.04,7.55946e+006,13698.8,0.564139,1.10689
2.09496e+008,2.07893,1.09505e+030,0,7631.1,7.53565e+006,13569.7,0.562362,1.1122
2.10192e+008,2.08583,1.10026e+030,0,7535.27,7.51187e+006,13441.7,0.560588,1.1175
2.10888e+008,2.09274,1.10545e+030,0,7440.51,7.48815e+006,13314.8,0.558817,1.12278
2.11584e+008,2.09965,1.11063e+030,0,7346.84,7.46447e+006,13188.8,0.55705,1.12804
2.1228e+008,2.10655,1.1158e+030,0,7254.22,7.44083e+006,13063.9,0.555286,1.13329
2.12976e+008,2.11346,1.12095e+030,0,7162.67,7.41724e+006,12940.1,0.553525,1.13852
2.13672e+008,2.12037,1.12608e+030,0,7072.15,7.3937e+006,12817.3,0.551768,1.14373
2.14368e+008,2.12727,1.1312e+030,0,6982.68,7.3702e+006,12695.4,0.550015,1.14894
2.15064e+008,2.13418,1.1363e+030,0,6894.23,7.34675e+006,12574.6,0.548265,1.15412
2.1576e+008,2.14109,1.14139e+030,0,6806.8,7.32334e+006,12454.8,0.546518,1.15929
2.16456e+008,2.14799,1.14646e+030,0,6720.37,7.29998e+006,12336,0.544775,1.16444
2.17152e+008,2.1549,1.15151e+030,0,6634.94,7.27667e+006,12218.2,0.543035,1.16958
2.17848e+008,2.16181,1.15655e+030,0,6550.5,7.25341e+006,12101.4,0.541299,1.1747
2.18544e+008,2.16871,1.16158e+030,0,6467.04,7.2302e+006,11985.6,0.539567,1.1798
2.1924e+008,2.17562,1.16658e+030,0,6384.55,7.20703e+006,11870.8,0.537838,1.18488
2.19936e+008,2.18253,1.17157e+030,0,6303.01,7.18391e+006,11756.9,0.536113,1.18995
2.20632e+008,2.18943,1.17655e+030,0,6222.43,7.16084e+006,11644,0.534391,1.19501
2.21328e+008,2.19634,1.18151e+030,0,6142.79,7.13781e+006,11532,0.532673,1.20004
2.22024e+008,2.20325,1.18645e+030,0,6064.08,7.11484e+006,11421,0.530958,1.20506
2.2272e+008,2.21015,1.19137e+030,0,5986.3,7.09191e+006,11311,0.529247,1.21006
2.23416e+008,2.21706,1.19628e+030,0,5909.43,7.06903e+006,11201.9,0.52754,1.21505
2.24112e+008,2.22397,1.20117e+030,0,5833.46,7.0462e+006,11093.7,0.525836,1.22001
2.24808e+008,2.23087,1.20604e+030,0,5758.39,7.02342e+006,10986.4,0.524136,1.22496
2.25504e+008,2.23778,1.2109e+030,0,5684.2,7.00069e+006,10880.1,0.52244,1.22989
2.262e+008,2.24469,1.21574e+030,0,5610.9,6.97801e+006,10774.7,0.520747,1.23481
2.26896e+008,2.2516,1.22056e+030,0,5538.46,6.95538e+006,10670.2,0.519058,1.23971
2.27592e+008,2.2585,1.22536e+030,0,5466.88,6.9328e+006,10566.6,0.517373,1.24458
2.28288e+008,2.26541,1.23015e+030,0,5396.16,6.91027e+006,10463.9,0.515692,1.24945
2.28984e+008,2.27232,1.23492e+030,0,5326.27,6.88778e+006,10362.1,0.514014,1.25429
2.2968e+008,2.27922,1.23967e+030,0,5257.23,6.86535e+006,10261.2,0.51234,1.25911
2.30376e+008,2.28613,1.24441e+030,0,5189,6.84297e+006,10161.2,0.510669,1.26392
2.31072e+008,2.29304,1.24912e+030,0,5121.6,6.82064e+006,10062,0.509003,1.26871
2.31768e+008,2.29994,1.25382e+030,0,5055,6.79836e+006,9963.74,0.50734,1.27348
2.32464e+008,2.30685,1.2585e+030,0,4989.21,6.77613e+006,9866.31,0.505681,1.27823
2.3316e+008,2.31376,1.26317e+030,0,4924.2,6.75395e+006,9769.74,0.504026,1.28297
2.33856e+008,2.32066,1.26781e+030,0,4859.98,6.73182e+006,9674.03,0.502374,1.28768
2.34552e+008,2.32757,1.27244e+030,0,4796.54,6.70974e+006,9579.16,0.500727,1.29238
2.35248e+008,2.33448,1.27705e+030,0,4733.86,6.68771e+006,9485.12,0.499083,1.29706
2.35944e+008,2.34138,1.28164e+030,0,4671.95,6.66574e+006,9391.93,0.497443,1.30172
2.3664e+008,2.34829,1.28621e+030,0,4610.78,6.64381e+006,9299.55,0.495807,1.30636
2.37336e+008,2.3552,1.29077e+030,0,4550.36,6.62194e+006,9208,0.494174,1.31099
2.38032e+008,2.3621,1.2953e+030,0,4490.67,6.60012e+006,9117.27,0.492546,1.31559
2.38728e+008,2.36901,1.29982e+030,0,4431.72,6.57834e+006,9027.35,0.490921,1.32018
2.39424e+008,2.37592,1.30432e+030,0,4373.48,6.55663e+006,8938.23,0.4893,1.32475
2.4012e+008,2.38282,1.3088e+030,0,4315.95,6.53496e+006,8849.9,0.487683,1.32929
2.40816e+008,2.38973,1.31326e+030,0,4259.13,6.51334e+006,8762.37,0.48607,1.33382
2.41512e+008,2.39664,1.31771e+030,0,4203,6.49178e+006,8675.63,0.484461,1.33833
2.42208e+008,2.40354,1.32213e+030,0,4147.57,6.47026e+006,8589.67,0.482856,1.34283
2.42904e+008,2.41045,1.32654e+030,0,4092.81,6.4488e+006,8504.48,0.481254,1.3473
2.436e+008,2.41736,1.33093e+030,0,4038.73,6.42739e+006,8420.06,0.479656,1.35175
2.44296e+008,2.42426,1.3353e+030,0,3985.32,6.40604e+006,8336.4,0.478063,1.35619
2.44992e+008,2.43117,1.33965e+030,0,3932.57,6.38473e+006,8253.5,0.476473,1.3606
2.45688e+008,2.43808,1.34398e+030,0,3880.47,6.36348e+006,8171.36,0.474887,1.365
2.46384e+008,2.44498,1.3483e+030,0,3829.01,6.34228e+006,8089.96,0.473304,1.36938
2.4708e+008,2.45189,1.35259e+030,0,3778.2,6.32113e+006,8009.3,0.471726,1.37374
2.47776e+008,2.4588,1.35687e+030,0,3728.01,6.30003e+006,7929.38,0.470152,1.37808
2.48472e+008,2.4657,1.36113e+030,0,3678.45,6.27899e+006,7850.18,0.468581,1.3824
2.49168e+008,2.47261,1.36537e+030,0,3629.5,6.258e+006,7771.71,0.467015,1.3867
2.49864e+008,2.47952,1.36959e+030,0,3581.17,6.23706e+006,7693.96,0.465452,1.39098
2.5056e+008,2.48642,1.37379e+030,0,3533.44,6.21617e+006,7616.92,0.463893,1.39524
2.51256e+008,2.49333,1.37797e+030,0,3486.31,6.19534e+006,7540.59,0.462339,1.39949
2.51952e+008,2.50024,1.38213e+030,0,3439.76,6.17456e+006,7464.96,0.460788,1.40371
2.52648e+008,2.50714,1.38628e+030,0,3393.8,6.15383e+006,7390.02,0.459241,1.40792
2.53344e+008,2.51405,1.3904e+030,0,3348.42,6.13315e+006,7315.78,0.457698,1.4121
2.5404e+008,2.52096,1.39451e+030,0,3303.6,6.11252e+006,7242.22,0.456158,1.41627
2.54736e+008,2.52786,1.3986e+030,0,3259.35,6.09195e+006,7169.34,0.454623,1.42041
2.55432e+008,2.53477,1.40267e+030,0,3215.66,6.07143e+006,7097.14,0.453092,1.42454
2.56128e+008,2.54168,1.40672e+030,0,3172.51,6.05096e+006,7025.61,0.451564,1.42865
2.56824e+008,2.54858,1.41075e+030,0,3129.92,6.03055e+006,6954.74,0.450041,1.43274
2.5752e+008,2.55549,1.41476e+030,0,3087.86,6.01019e+006,6884.53,0.448521,1.43681
2.58216e+008,2.5624,1.41875e+030,0,3046.33,5.98988e+006,6814.97,0.447006,1.44086
2.58912e+008,2.5693,1.42273e+030,0,3005.33,5.96962e+006,6746.06,0.445494,1.44489
2.59608e+008,2.57621,1.42668e+030,0,2964.85,5.94942e+006,6677.79,0.443986,1.4489
2.60304e+008,2.58312,1.43062e+030,0,2924.88,5.92926e+006,6610.16,0.442482,1.45289
2.61e+008,2.59003,1.43454e+030,0,2885.42,5.90916e+006,6543.17,0.440982,1.45687
2.61696e+008,2.59693,1.43844e+030,0,2846.46,5.88912e+006,6476.8,0.439486,1.46082
2.62392e+008,2.60384,1.44232e+030,0,2808,5.86912e+006,6411.05,0.437994,1.46476
2.63088e+008,2.61075,1.44618e+030,0,2770.03,5.84918e+006,6345.92,0.436506,1.46867
2.63784e+008,2.61765,1.45002e+030,0,2732.55,5.82929e+006,6281.41,0.435022,1.47257
2.6448e+008,2.62456,1.45384e+030,0,2695.54,5.80945e+006,6217.5,0.433541,1.47645
2.65176e+008,2.63147,1.45764e+030,0,2659.01,5.78967e+006,6154.19,0.432065,1.4803
2.65872e+008,2.63837,1.46143e+030,0,2622.94,5.76993e+006,6091.48,0.430592,1.48414
2.66568e+008,2.64528,1.46519e+030,0,2587.34,5.75025e+006,6029.36,0.429123,1.48796
2.67264e+008,2.65219,1.46894e+030,0,2552.2,5.73063e+006,5967.83,0.427659,1.49176
2.6796e+008,2.65909,1.47267e+030,0,2517.5,5.71105e+006,5906.88,0.426198,1.49554
2.68656e+008,2.666,1.47638e+030,0,2483.25,5.69153e+006,5846.51,0.424741,1.4993
2.69352e+008,2.67291,1.48007e+030,0,2449.45,5.67206e+006,5786.72,0.423288,1.50304
2.70048e+008,2.67981,1.48374e+030,0,2416.08,5.65264e+006,5727.49,0.421839,1.50677
2.70744e+008,2.68672,1.4874e+030,0,2383.13,5.63327e+006,5668.82,0.420394,1.51047
2.7144e+008,2.69363,1.49103e+030,0,2350.62,5.61396e+006,5610.71,0.418952,1.51416
2.72136e+008,2.70053,1.49465e+030,0,2318.52,5.5947e+006,5553.16,0.417515,1.51782
2.72832e+008,2.70744,1.49824e+030,0,2286.85,5.57549e+006,5496.15,0.416081,1.52147
2.73528e+008,2.71435,1.50182e+030,0,2255.58,5.55633e+006,5439.69,0.414651,1.5251
2.74224e+008,2.72125,1.50538e+030,0,2224.71,5.53722e+006,5383.77,0.413226,1.52871
2.7492e+008,2.72816,1.50892e+030,0,2194.25,5.51817e+006,5328.38,0.411804,1.5323
2.75616e+008,2.73507,1.51244e+030,0,2164.18,5.49917e+006,5273.53,0.410386,1.53587
2.76312e+008,2.74197,1.51595e+030,0,2134.5,5.48022e+006,5219.2,0.408972,1.53942
2.77008e+008,2.74888,1.51943e+030,0,2105.21,5.46132e+006,5165.39,0.407561,1.54295
2.77704e+008,2.75579,1.5229e+030,0,2076.3,5.44247e+006,5112.1,0.406155,1.54647
2.784e+008,2.76269,1.52635e+030,0,2047.77,5.42368e+006,5059.32,0.404752,1.54996
2.79096e+008,2.7696,1.52978e+030,0,2019.61,5.40494e+006,5007.05,0.403353,1.55344
2.79792e+008,2.77651,1.53319e+030,0,1991.82,5.38625e+006,4955.28,0.401959,1.5569
2.80488e+008,2.78341,1.53658e+030,0,1964.39,5.36761e+006,4904.02,0.400568,1.56034
2.81184e+008,2.79032,1.53996e+030,0,1937.32,5.34902e+006,4853.24,0.39918,1.56376
2.8188e+008,2.79723,1.54331e+030,0,1910.6,5.33048e+006,4802.96,0.397797,1.56716
2.82576e+008,2.80413,1.54665e+030,0,1884.24,5.31199e+006,4753.17,0.396418,1.57054
2.83272e+008,2.81104,1.54997e+030,0,1858.22,5.29356e+006,4703.85,0.395042,1.57391
2.83968e+008,2.81795,1.55327e+030,0,1832.54,5.27518e+006,4655.02,0.39367,1.57725
2.84664e+008,2.82485,1.55655e+030,0,1807.2,5.25685e+006,4606.66,0.392302,1.58058
2.8536e+008,2.83176,1.55982e+030,0,1782.19,5.23857e+006,4558.77,0.390938,1.58389
2.86056e+008,2.83867,1.56306e+030,0,1757.52,5.22034e+006,4511.34,0.389577,1.58718
2.86752e+008,2.84557,1.56629e+030,0,1733.16,5.20216e+006,4464.38,0.388221,1.59045
2.87448e+008,2.85248,1.5695e+030,0,1709.13,5.18403e+006,4417.87,0.386868,1.59371
2.88144e+008,2.85939,1.5727e+030,0,1685.42,5.16595e+006,4371.81,0.385519,1.59694
2.8884e+008,2.86629,1.57587e+030,0,1662.02,5.14793e+006,4326.21,0.384174,1.60016
2.89536e+008,2.8732,1.57903e+030,0,1638.92,5.12995e+006,4281.05,0.382832,1.60336
2.90232e+008,2.88011,1.58217e+030,0,1616.14,5.11203e+006,4236.33,0.381495,1.60654
2.90928e+008,2.88701,1.58529e+030,0,1593.65,5.09415e+006,4192.05,0.380161,1.6097
2.91624e+008,2.89392,1.58839e+030,0,1571.46,5.07633e+006,4148.2,0.378831,1.61285
2.9232e+008,2.90083,1.59148e+030,0,1549.57,5.05856e+006,4104.78,0.377504,1.61597
2.93016e+008,2.90773,1.59454e+030,0,1527.97,5.04083e+006,4061.79,0.376182,1.61908
2.93712e+008,2.91464,1.59759e+030,0,1506.65,5.02316e+006,4019.22,0.374863,1.62217
2.94408e+008,2.92155,1.60063e+030,0,1485.62,5.00554e+006,3977.06,0.373548,1.62525
2.95104e+008,2.92845,1.60364e+030,0,1464.87,4.98797e+006,3935.32,0.372236,1.6283
2.958e+008,2.93536,1.60664e+030,0,1444.39,4.97044e+006,3894,0.370929,1.63134
2.96496e+008,2.94227,1.60962e+030,0,1424.19,4.95297e+006,3853.07,0.369625,1.63436
2.97192e+008,2.94918,1.61258e+030,0,1404.26,4.93555e+006,3812.55,0.368324,1.63736
2.97888e+008,2.95608,1.61553e+030,0,1384.59,4.91817e+006,3772.44,0.367028,1.64034
2.98584e+008,2.96299,1.61846e+030,0,1365.18,4.90085e+006,3732.71,0.365735,1.64331
2.9928e+008,2.9699,1.62137e+030,0,1346.04,4.88358e+006,3693.38,0.364446,1.64626
2.99976e+008,2.9768,1.62426e+030,0,1327.15,4.86635e+006,3654.44,0.363161,1.64919
3.00672e+008,2.98371,1.62714e+030,0,1308.51,4.84918e+006,3615.88,0.361879,1.6521
3.01368e+008,2.99062,1.62999e+030,0,1290.12,4.83205e+006,3577.71,0.360601,1.655
3.02064e+008,2.99752,1.63284e+030,0,1271.98,4.81497e+006,3539.91,0.359326,1.65788
3.0276e+008,3.00443,1.63566e+030,0,1254.08,4.79795e+006,3502.49,0.358056,1.66074
3.03456e+008,3.01134,1.63847e+030,0,1236.43,4.78097e+006,3465.43,0.356789,1.66359
3.04152e+008,3.01824,1.64126e+030,0,1219.01,4.76404e+006,3428.75,0.355525,1.66641
3.04848e+008,3.02515,1.64403e+030,0,1201.82,4.74716e+006,3392.43,0.354265,1.66922
3.05544e+008,3.03206,1.64679e+030,0,1184.87,4.73032e+006,3356.47,0.353009,1.67202
3.0624e+008,3.03896,1.64953e+030,0,1168.14,4.71354e+006,3320.87,0.351757,1.67479
3.06936e+008,3.04587,1.65226e+030,0,1151.64,4.69681e+006,3285.62,0.350508,1.67755
3.07632e+008,3.05278,1.65496e+030,0,1135.36,4.68012e+006,3250.73,0.349263,1.68029
3.08328e+008,3.05968,1.65765e+030,0,1119.3,4.66348e+006,3216.18,0.348021,1.68302
3.09024e+008,3.06659,1.66033e+030,0,1103.46,4.64689e+006,3181.98,0.346783,1.68573
3.0972e+008,3.0735,1.66299e+030,0,1087.83,4.63035e+006,3148.12,0.345548,1.68842
3.10416e+008,3.0804,1.66563e+030,0,1072.41,4.61385e+006,3114.6,0.344317,1.6911
3.11112e+008,3.08731,1.66825e+030,0,1057.2,4.59741e+006,3081.41,0.34309,1.69375
3.11808e+008,3.09422,1.67086e+030,0,1042.2,4.58101e+006,3048.55,0.341866,1.6964
3.12504e+008,3.10112,1.67345e+030,0,1027.4,4.56466e+006,3016.03,0.340646,1.69902
3.132e+008,3.10803,1.67603e+030,0,1012.8,4.54836e+006,2983.82,0.339429,1.70163
3.13896e+008,3.11494,1.67859e+030,0,998.397,4.5321e+006,2951.95,0.338216,1.70422
3.14592e+008,3.12184,1.68113e+030,0,984.191,4.51589e+006,2920.39,0.337007,1.7068
3.15288e+008,3.12875,1.68366e+030,0,970.178,4.49973e+006,2889.15,0.335801,1.70936
3.15984e+008,3.13566,1.68617e+030,0,956.355,4.48362e+006,2858.22,0.334598,1.7119
3.1668e+008,3.14256,1.68867e+030,0,942.72,4.46755e+006,2827.6,0.333399,1.71443
3.17376e+008,3.14947,1.69115e+030,0,929.271,4.45153e+006,2797.29,0.332204,1.71694
3.18072e+008,3.15638,1.69361e+030,0,916.005,4.43556e+006,2767.29,0.331012,1.71944
3.18768e+008,3.16328,1.69606e+030,0,902.92,4.41963e+006,2737.59,0.329823,1.72192
3.19464e+008,3.17019,1.6985e+030,0,890.013,4.40375e+006,2708.19,0.328638,1.72438
3.2016e+008,3.1771,1.70091e+030,0,877.282,4.38792e+006,2679.08,0.327457,1.72683
3.20856e+008,3.184,1.70331e+030,0,864.725,4.37213e+006,2650.27,0.326278,1.72926
3.21552e+008,3.19091,1.7057e+030,0,852.339,4.35639e+006,2621.75,0.325104,1.73168
3.22248e+008,3.19782,1.70807e+030,0,840.123,4.3407e+006,2593.51,0.323933,1.73408
3.22944e+008,3.20472,1.71043e+030,0,828.074,4.32505e+006,2565.56,0.322765,1.73646
3.2364e+008,3.21163,1.71277e+030,0,816.19,4.30945e+006,2537.9,0.3216,1.73883
3.24336e+008,3.21854,1.71509e+030,0,804.468,4.29389e+006,2510.52,0.32044,1.74119
3.25032e+008,3.22544,1.7174e+030,0,792.907,4.27838e+006,2483.41,0.319282,1.74353
3.25728e+008,3.23235,1.7197e+030,0,781.505,4.26291e+006,2456.57,0.318128,1.74585
3.26424e+008,3.23926,1.72198e+030,0,770.259,4.24749e+006,2430.01,0.316977,1.74816
3.2712e+008,3.24616,1.72424e+030,0,759.168,4.23212e+006,2403.72,0.31583,1.75045
3.27816e+008,3.25307,1.72649e+030,0,748.228,4.21679e+006,2377.7,0.314686,1.75273
3.28512e+008,3.25998,1.72873e+030,0,737.44,4.20151e+006,2351.94,0.313545,1.75499
3.29208e+008,3.26688,1.73095e+030,0,726.799,4.18627e+006,2326.44,0.312408,1.75724
3.29904e+008,3.27379,1.73315e+030,0,716.305,4.17108e+006,2301.2,0.311274,1.75947
3.306e+008,3.2807,1.73534e+030,0,705.956,4.15593e+006,2276.22,0.310144,1.76169
3.31296e+008,3.28761,1.73752e+030,0,695.749,4.14082e+006,2251.49,0.309017,1.76389
3.31992e+008,3.29451,1.73968e+030,0,685.683,4.12576e+006,2227.02,0.307893,1.76608
3.32688e+008,3.30142,1.74183e+030,0,675.756,4.11075e+006,2202.79,0.306772,1.76825
3.33384e+008,3.30833,1.74396e+030,0,665.965,4.09578e+006,2178.81,0.305655,1.77041
3.3408e+008,3.31523,1.74608e+030,0,656.31,4.08085e+006,2155.08,0.304541,1.77256
3.34776e+008,3.32214,1.74818e+030,0,646.789,4.06597e+006,2131.59,0.303431,1.77469
3.35472e+008,3.32905,1.75027e+030,0,637.399,4.05113e+006,2108.34,0.302323,1.7768
3.36168e+008,3.33595,1.75234e+030,0,628.139,4.03634e+006,2085.32,0.301219,1.7789
3.36864e+008,3.34286,1.7544e+030,0,619.008,4.02159e+006,2062.54,0.300119,1.78099
3.3756e+008,3.34977,1.75645e+030,0,610.003,4.00688e+006,2040,0.299021,1.78306
3.38256e+008,3.35667,1.75849e+030,0,601.122,3.99222e+006,2017.68,0.297927,1.78512
3.38952e+008,3.36358,1.7605e+030,0,592.365,3.9776e+006,1995.6,0.296836,1.78716
3.39648e+008,3.37049,1.76251e+030,0,583.73,3.96302e+006,1973.74,0.295748,1.78919
3.40344e+008,3.37739,1.7645e+030,0,575.214,3.94849e+006,1952.11,0.294663,1.79121
3.4104e+008,3.3843,1.76648e+030,0,566.817,3.934e+006,1930.69,0.293582,1.79321
3.41736e+008,3.39121,1.76844e+030,0,558.536,3.91955e+006,1909.5,0.292504,1.7952
3.42432e+008,3.39811,1.77039e+030,0,550.371,3.90515e+006,1888.53,0.291429,1.79717
3.43128e+008,3.40502,1.77233e+030,0,542.319,3.89079e+006,1867.77,0.290357,1.79913
3.43824e+008,3.41193,1.77425e+030,0,534.38,3.87647e+006,1847.22,0.289289,1.80108
3.4452e+008,3.41883,1.77616e+030,0,526.551,3.86219e+006,1826.89,0.288223,1.80301
3.45216e+008,3.42574,1.77806e+030,0,518.832,3.84796e+006,1806.76,0.287161,1.80493
3.45912e+008,3.43265,1.77994e+030,0,511.22,3.83377e+006,1786.84,0.286102,1.80684
3.46608e+008,3.43955,1.78181e+030,0,503.714,3.81962e+006,1767.13,0.285046,1.80873
3.47304e+008,3.44646,1.78367e+030,0,496.313,3.80551e+006,1747.62,0.283993,1.81061
3.48e+008,3.45337,1.78551e+030,0,489.016,3.79144e+006,1728.32,0.282943,1.81247
3.48696e+008,3.46027,1.78734e+030,0,481.821,3.77742e+006,1709.21,0.281897,1.81433
3.49392e+008,3.46718,1.78916e+030,0,474.727,3.76344e+006,1690.3,0.280853,1.81616
3.50088e+008,3.47409,1.79097e+030,0,467.731,3.7495e+006,1671.59,0.279813,1.81799
3.50784e+008,3.48099,1.79276e+030,0,460.834,3.7356e+006,1653.06,0.278776,1.8198
3.5148e+008,3.4879,1.79454e+030,0,454.034,3.72174e+006,1634.74,0.277742,1.8216
3.52176e+008,3.49481,1.7963e+030,0,447.329,3.70792e+006,1616.6,0.276711,1.82339
3.52872e+008,3.50171,1.79806e+030,0,440.718,3.69415e+006,1598.64,0.275682,1.82517
3.53568e+008,3.50862,1.7998e+030,0,434.2,3.68041e+006,1580.88,0.274657,1.82693
3.54264e+008,3.51553,1.80153e+030,0,427.774,3.66672e+006,1563.3,0.273636,1.82868
3.5496e+008,3.52243,1.80324e+030,0,421.438,3.65306e+006,1545.9,0.272617,1.83041
3.55656e+008,3.52934,1.80495e+030,0,415.191,3.63945e+006,1528.68,0.271601,1.83214
3.56352e+008,3.53625,1.80664e+030,0,409.033,3.62588e+006,1511.64,0.270588,1.83385
3.57048e+008,3.54315,1.80832e+030,0,402.96,3.61235e+006,1494.78,0.269578,1.83555
3.57744e+008,3.55006,1.80998e+030,0,396.974,3.59885e+006,1478.1,0.268571,1.83723
3.5844e+008,3.55697,1.81164e+030,0,391.072,3.5854e+006,1461.58,0.267567,1.83891
3.59136e+008,3.56387,1.81328e+030,0,385.253,3.57199e+006,1445.24,0.266566,1.84057
3.59832e+008,3.57078,1.81491e+030,0,379.517,3.55862e+006,1429.07,0.265569,1.84222
3.60528e+008,3.57769,1.81653e+030,0,373.861,3.54529e+006,1413.07,0.264574,1.84385
3.61224e+008,3.58459,1.81813e+030,0,368.286,3.53199e+006,1397.24,0.263582,1.84548
3.6192e+008,3.5915,1.81973e+030,0,362.789,3.51874e+006,1381.57,0.262593,1.84709
3.62616e+008,3.59841,1.82131e+030,0,357.37,3.50553e+006,1366.06,0.261607,1.84869
3.63312e+008,3.60531,1.82288e+030,0,352.028,3.49235e+006,1350.72,0.260623,1.85028
3.64008e+008,3.61222,1.82444e+030,0,346.762,3.47922e+006,1335.53,0.259643,1.85186
3.64704e+008,3.61913,1.82599e+030,0,341.571,3.46612e+006,1320.51,0.258666,1.85343
3.654e+008,3.62604,1.82753e+030,0,336.453,3.45306e+006,1305.64,0.257691,1.85498
3.66096e+008,3.63294,1.82905e+030,0,331.407,3.44005e+006,1290.93,0.25672,1.85652
3.66792e+008,3.63985,1.83056e+030,0,326.434,3.42707e+006,1276.37,0.255751,1.85805
3.67488e+008,3.64676,1.83207e+030,0,321.531,3.41412e+006,1261.97,0.254785,1.85957
3.68184e+008,3.65366,1.83356e+030,0,316.698,3.40122e+006,1247.71,0.253823,1.86108
3.6888e+008,3.66057,1.83504e+030,0,311.934,3.38836e+006,1233.61,0.252862,1.86258
3.69576e+008,3.66748,1.8365e+030,0,307.237,3.37553e+006,1219.65,0.251905,1.86406
3.70272e+008,3.67438,1.83796e+030,0,302.608,3.36274e+006,1205.84,0.250951,1.86554
3.70968e+008,3.68129,1.83941e+030,0,298.044,3.34999e+006,1192.18,0.249999,1.867
3.71664e+008,3.6882,1.84084e+030,0,293.546,3.33728e+006,1178.66,0.249051,1.86845
3.7236e+008,3.6951,1.84227e+030,0,289.112,3.3246e+006,1165.28,0.248105,1.86989
3.73056e+008,3.70201,1.84368e+030,0,284.741,3.31197e+006,1152.04,0.247162,1.87132
3.73752e+008,3.70892,1.84508e+030,0,280.433,3.29937e+006,1138.94,0.246221,1.87274
3.74448e+008,3.71582,1.84647e+030,0,276.186,3.28681e+006,1125.98,0.245284,1.87414
3.75144e+008,3.72273,1.84785e+030,0,272,3.27428e+006,1113.16,0.244349,1.87554
3.7584e+008,3.72964,1.84922e+030,0,267.874,3.26179e+006,1100.47,0.243417,1.87693
3.76536e+008,3.73654,1.85058e+030,0,263.807,3.24934e+006,1087.92,0.242488,1.8783
3.77232e+008,3.74345,1.85193e+030,0,259.799,3.23693e+006,1075.5,0.241562,1.87967
3.77928e+008,3.75036,1.85327e+030,0,255.848,3.22455e+006,1063.21,0.240638,1.88102
3.78624e+008,3.75726,1.8546e+030,0,251.954,3.21221e+006,1051.05,0.239717,1.88236
3.7932e+008,3.76417,1.85592e+030,0,248.116,3.19991e+006,1039.01,0.238799,1.88369
3.80016e+008,3.77108,1.85722e+030,0,244.333,3.18764e+006,1027.11,0.237883,1.88502
3.80712e+008,3.77798,1.85852e+030,0,240.604,3.17541e+006,1015.33,0.236971,1.88633
3.81408e+008,3.78489,1.85981e+030,0,236.929,3.16321e+006,1003.68,0.236061,1.88763
3.82104e+008,3.7918,1.86109e+030,0,233.307,3.15105e+006,992.149,0.235153,1.88892
3.828e+008,3.7987,1.86235e+030,0,229.737,3.13893e+006,980.742,0.234248,1.8902
3.83496e+008,3.80561,1.86361e+030,0,226.219,3.12684e+006,969.455,0.233346,1.89147
3.84192e+008,3.81252,1.86486e+030,0,222.751,3.11479e+006,958.289,0.232447,1.89273
3.84888e+008,3.81942,1.86609e+030,0,219.334,3.10277e+006,947.241,0.23155,1.89399
3.85584e+008,3.82633,1.86732e+030,0,215.966,3.09079e+006,936.311,0.230656,1.89523
3.8628e+008,3.83324,1.86854e+030,0,212.647,3.07885e+006,925.497,0.229765,1.89646
3.86976e+008,3.84014,1.86975e+030,0,209.375,3.06694e+006,914.799,0.228876,1.89768
3.87672e+008,3.84705,1.87095e+030,0,206.152,3.05506e+006,904.214,0.22799,1.89889
3.88368e+008,3.85396,1.87213e+030,0,202.974,3.04322e+006,893.742,0.227106,1.90009
3.89064e+008,3.86086,1.87331e+030,0,199.843,3.03142e+006,883.382,0.226225,1.90128
3.8976e+008,3.86777,1.87448e+030,0,196.758,3.01965e+006,873.132,0.225347,1.90247
3.90456e+008,3.87468,1.87564e+030,0,193.717,3.00791e+006,862.992,0.224471,1.90364
3.91152e+008,3.88158,1.87679e+030,0,190.72,2.99621e+006,852.96,0.223598,1.9048
3.91848e+008,3.88849,1.87793e+030,0,187.767,2.98455e+006,843.035,0.222727,1.90596
3.92544e+008,3.8954,1.87907e+030,0,184.857,2.97292e+006,833.217,0.221859,1.9071
3.9324e+008,3.9023,1.88019e+030,0,181.989,2.96132e+006,823.504,0.220994,1.90824
3.93936e+008,3.90921,1.8813e+030,0,179.163,2.94976e+006,813.894,0.220131,1.90936
3.94632e+008,3.91612,1.88241e+030,0,176.379,2.93823e+006,804.388,0.219271,1.91048
3.95328e+008,3.92302,1.8835e+030,0,173.635,2.92673e+006,794.984,0.218413,1.91159
3.96024e+008,3.92993,1.88459e+030,0,170.93,2.91527e+006,785.68,0.217557,1.91268
3.9672e+008,3.93684,1.88567e+030,0,168.266,2.90384e+006,776.477,0.216705,1.91377
3.97416e+008,3.94374,1.88674e+030,0,165.64,2.89245e+006,767.372,0.215854,1.91485
3.98112e+008,3.95065,1.8878e+030,0,163.053,2.88108e+006,758.365,0.215006,1.91592
3.98808e+008,3.95756,1.88885e+030,0,160.504,2.86976e+006,749.455,0.214161,1.91699
3.99504e+008,3.96447,1.88989e+030,0,157.992,2.85846e+006,740.641,0.213318,1.91804
4.002e+008,3.97137,1.89092e+030,0,155.517,2.8472e+006,731.922,0.212478,1.91909
4.00896e+008,3.97828,1.89195e+030,0,153.078,2.83597e+006,723.297,0.21164,1.92012
4.01592e+008,3.98519,1.89297e+030,0,150.675,2.82478e+006,714.764,0.210804,1.92115
4.02288e+008,3.99209,1.89397e+030,0,148.308,2.81361e+006,706.324,0.209971,1.92217
4.02984e+008,3.999,1.89497e+030,0,145.975,2.80248e+006,697.975,0.209141,1.92318
4.0368e+008,4.00591,1.89597e+030,0,143.677,2.79139e+006,689.716,0.208312,1.92418
4.04376e+008,4.01281,1.89695e+030,0,141.412,2.78032e+006,681.547,0.207487,1.92517
4.05072e+008,4.01972,1.89792e+030,0,139.181,2.76929e+006,673.466,0.206663,1.92616
4.05768e+008,4.02663,1.89889e+030,0,136.982,2.75829e+006,665.472,0.205842,1.92714
4.06464e+008,4.03353,1.89985e+030,0,134.817,2.74732e+006,657.565,0.205024,1.9281
4.0716e+008,4.04044,1.9008e+030,0,132.683,2.73638e+006,649.743,0.204208,1.92906
4.07856e+008,4.04735,1.90174e+030,0,130.58,2.72548e+006,642.007,0.203394,1.93002
4.08552e+008,4.05425,1.90267e+030,0,128.509,2.71461e+006,634.354,0.202583,1.93096
4.09248e+008,4.06116,1.9036e+030,0,126.469,2.70377e+006,626.784,0.201774,1.9319
4.09944e+008,4.06807,1.90452e+030,0,124.458,2.69296e+006,619.297,0.200967,1.93282
4.1064e+008,4.07497,1.90543e+030,0,122.478,2.68218e+006,611.891,0.200163,1.93374
4.11336e+008,4.08188,1.90633e+030,0,120.527,2.67143e+006,604.566,0.199361,1.93466
4.12032e+008,4.08879,1.90723e+030,0,118.605,2.66072e+006,597.32,0.198561,1.93556
4.12728e+008,4.09569,1.90811e+030,0,116.711,2.65004e+006,590.154,0.197764,1.93646
4.13424e+008,4.1026,1.90899e+030,0,114.846,2.63938e+006,583.065,0.196969,1.93734
4.1412e+008,4.10951,1.90986e+030,0,113.008,2.62876e+006,576.054,0.196176,1.93822
4.14816e+008,4.11641,1.91073e+030,0,111.198,2.61817e+006,569.119,0.195386,1.9391
4.15512e+008,4.12332,1.91158e+030,0,109.415,2.60761e+006,562.26,0.194598,1.93996
4.16208e+008,4.13023,1.91243e+030,0,107.658,2.59708e+006,555.477,0.193812,1.94082
4.16904e+008,4.13713,1.91328e+030,0,105.928,2.58658e+006,548.767,0.193028,1.94167
4.176e+008,4.14404,1.91411e+030,0,104.223,2.57611e+006,542.131,0.192247,1.94251
4.18296e+008,4.15095,1.91494e+030,0,102.544,2.56567e+006,535.567,0.191468,1.94335
4.18992e+008,4.15785,1.91576e+030,0,100.89,2.55526e+006,529.076,0.190691,1.94418
4.19688e+008,4.16476,1.91657e+030,0,99.2611,2.54489e+006,522.656,0.189917,1.945
4.20384e+008,4.17167,1.91737e+030,0,97.6565,2.53454e+006,516.306,0.189145,1.94581
4.2108e+008,4.17857,1.91817e+030,0,96.0759,2.52422e+006,510.026,0.188375,1.94662
4.21776e+008,4.18548,1.91896e+030,0,94.5191,2.51393e+006,503.815,0.187607,1.94742
4.22472e+008,4.19239,1.91975e+030,0,92.9857,2.50367e+006,497.672,0.186841,1.94821
4.23168e+008,4.19929,1.92052e+030,0,91.4754,2.49344e+006,491.597,0.186078,1.94899
4.23864e+008,4.2062,1.92129e+030,0,89.9878,2.48324e+006,485.589,0.185317,1.94977
4.2456e+008,4.21311,1.92206e+030,0,88.5226,2.47307e+006,479.647,0.184558,1.95054
4.25256e+008,4.22001,1.92281e+030,0,87.0796,2.46293e+006,473.771,0.183801,1.9513
4.25952e+008,4.22692,1.92356e+030,0,85.6583,2.45282e+006,467.96,0.183046,1.95206
4.26648e+008,4.23383,1.9243e+030,0,84.2586,2.44274e+006,462.213,0.182294,1.95281
4.27344e+008,4.24073,1.92504e+030,0,82.88,2.43269e+006,456.529,0.181544,1.95355
4.2804e+008,4.24764,1.92577e+030,0,81.5223,2.42266e+006,450.908,0.180796,1.95429
4.28736e+008,4.25455,1.92649e+030,0,80.1851,2.41267e+006,445.35,0.18005,1.95502
4.29432e+008,4.26145,1.92721e+030,0,78.8683,2.4027e+006,439.853,0.179306,1.95574
4.30128e+008,4.26836,1.92792e+030,0,77.5714,2.39276e+006,434.418,0.178564,1.95646
4.30824e+008,4.27527,1.92862e+030,0,76.2943,2.38285e+006,429.042,0.177825,1.95717
4.3152e+008,4.28217,1.92932e+030,0,75.0365,2.37297e+006,423.727,0.177087,1.95787
4.32216e+008,4.28908,1.93001e+030,0,73.798,2.36311e+006,418.47,0.176352,1.95857
4.32912e+008,4.29599,1.93069e+030,0,72.5783,2.35329e+006,413.272,0.175619,1.95926
4.33608e+008,4.30289,1.93137e+030,0,71.3772,2.34349e+006,408.132,0.174887,1.95994
4.34304e+008,4.3098,1.93204e+030,0,70.1944,2.33372e+006,403.049,0.174158,1.96062
4.35e+008,4.31671,1.9327e+030,0,69.0297,2.32398e+006,398.023,0.173431,1.96129
4.35696e+008,4.32362,1.93336e+030,0,67.8828,2.31427e+006,393.053,0.172707,1.96196
4.36392e+008,4.33052,1.93402e+030,0,66.7535,2.30458e+006,388.139,0.171984,1.96262
4.37088e+008,4.33743,1.93466e+030,0,65.6415,2.29492e+006,383.279,0.171263,1.96327
4.37784e+008,4.34434,1.9353e+030,0,64.5466,2.28529e+006,378.474,0.170544,1.96392
4.3848e+008,4.35124,1.93594e+030,0,63.4685,2.27569e+006,373.723,0.169828,1.96456
4.39176e+008,4.35815,1.93657e+030,0,62.4069,2.26611e+006,369.025,0.169113,1.96519
4.39872e+008,4.36506,1.93719e+030,0,61.3617,2.25657e+006,364.38,0.1684,1.96582
4.40568e+008,4.37196,1.9378e+030,0,60.3326,2.24704e+006,359.787,0.16769,1.96644
4.41264e+008,4.37887,1.93842e+030,0,59.3193,2.23755e+006,355.245,0.166981,1.96706
4.4196e+008,4.38578,1.93902e+030,0,58.3217,2.22808e+006,350.755,0.166275,1.96767
4.42656e+008,4.39268,1.93962e+030,0,57.3395,2.21864e+006,346.315,0.16557,1.96828
4.43352e+008,4.39959,1.94021e+030,0,56.3725,2.20923e+006,341.926,0.164868,1.96887
4.44048e+008,4.4065,1.9408e+030,0,55.4205,2.19984e+006,337.585,0.164167,1.96947
4.44744e+008,4.4134,1.94138e+030,0,54.4832,2.19048e+006,333.294,0.163469,1.97006
4.4544e+008,4.42031,1.94196e+030,0,53.5604,2.18115e+006,329.052,0.162772,1.97064
4.46136e+008,4.42722,1.94253e+030,0,52.652,2.17184e+006,324.857,0.162077,1.97121
4.46832e+008,4.43412,1.9431e+030,0,51.7577,2.16256e+006,320.71,0.161385,1.97178
4.47528e+008,4.44103,1.94366e+030,0,50.8773,2.1533e+006,316.61,0.160694,1.97235
4.48224e+008,4.44794,1.94421e+030,0,50.0106,2.14407e+006,312.556,0.160005,1.97291
4.4892e+008,4.45484,1.94476e+030,0,49.1575,2.13487e+006,308.548,0.159319,1.97346
4.49616e+008,4.46175,1.9453e+030,0,48.3176,2.12569e+006,304.586,0.158634,1.97401
4.50312e+008,4.46866,1.94584e+030,0,47.4909,2.11654e+006,300.669,0.157951,1.97456
4.51008e+008,4.47556,1.94638e+030,0,46.6772,2.10741e+006,296.797,0.15727,1.97509
4.51704e+008,4.48247,1.9469e+030,0,45.8761,2.09831e+006,292.969,0.156591,1.97563
4.524e+008,4.48938,1.94743e+030,0,45.0877,2.08924e+006,289.184,0.155913,1.97615
4.53096e+008,4.49628,1.94794e+030,0,44.3116,2.08019e+006,285.443,0.155238,1.97668
4.53792e+008,4.50319,1.94846e+030,0,43.5477,2.07117e+006,281.744,0.154565,1.97719
4.54488e+008,4.5101,1.94896e+030,0,42.7958,2.06217e+006,278.088,0.153893,1.97771
4.55184e+008,4.517,1.94947e+030,0,42.0558,2.05319e+006,274.473,0.153223,1.97821
4.5588e+008,4.52391,1.94996e+030,0,41.3274,2.04425e+006,270.9,0.152556,1.97872
4.56576e+008,4.53082,1.95046e+030,0,40.6105,2.03532e+006,267.368,0.15189,1.97921
4.57272e+008,4.53772,1.95094e+030,0,39.905,2.02642e+006,263.877,0.151226,1.9797
4.57968e+008,4.54463,1.95143e+030,0,39.2106,2.01755e+006,260.426,0.150564,1.98019
4.58664e+008,4.55154,1.9519e+030,0,38.5273,2.0087e+006,257.014,0.149903,1.98067
4.5936e+008,4.55844,1.95238e+030,0,37.8547,1.99988e+006,253.642,0.149245,1.98115
4.60056e+008,4.56535,1.95284e+030,0,37.1929,1.99108e+006,250.309,0.148588,1.98162
4.60752e+008,4.57226,1.95331e+030,0,36.5416,1.9823e+006,247.014,0.147933,1.98209
4.61448e+008,4.57916,1.95377e+030,0,35.9006,1.97355e+006,243.757,0.14728,1.98255
4.62144e+008,4.58607,1.95422e+030,0,35.2699,1.96483e+006,240.538,0.146629,1.98301
4.6284e+008,4.59298,1.95467e+030,0,34.6492,1.95613e+006,237.356,0.14598,1.98346
4.63536e+008,4.59988,1.95511e+030,0,34.0384,1.94745e+006,234.211,0.145332,1.98391
4.64232e+008,4.60679,1.95556e+030,0,33.4374,1.9388e+006,231.103,0.144686,1.98436
4.64928e+008,4.6137,1.95599e+030,0,32.8461,1.93017e+006,228.031,0.144042,1.9848
4.65624e+008,4.6206,1.95642e+030,0,32.2642,1.92156e+006,224.994,0.1434,1.98523
4.6632e+008,4.62751,1.95685e+030,0,31.6916,1.91298e+006,221.993,0.14276,1.98566
4.67016e+008,4.63442,1.95727e+030,0,31.1283,1.90442e+006,219.027,0.142121,1.98609
4.67712e+008,4.64132,1.95769e+030,0,30.5741,1.89588e+006,216.096,0.141484,1.98651
4.68408e+008,4.64823,1.9581e+030,0,30.0287,1.88737e+006,213.198,0.140849,1.98692
4.69104e+008,4.65514,1.95851e+030,0,29.4922,1.87889e+006,210.335,0.140215,1.98734
4.698e+008,4.66205,1.95892e+030,0,28.9643,1.87042e+006,207.505,0.139584,1.98775
4.70496e+008,4.66895,1.95932e+030,0,28.445,1.86198e+006,204.708,0.138954,1.98815
4.71192e+008,4.67586,1.95971e+030,0,27.9341,1.85356e+006,201.945,0.138326,1.98855
4.71888e+008,4.68277,1.9601e+030,0,27.4315,1.84517e+006,199.213,0.137699,1.98894
4.72584e+008,4.68967,1.96049e+030,0,26.9371,1.8368e+006,196.514,0.137074,1.98934
4.7328e+008,4.69658,1.96088e+030,0,26.4507,1.82845e+006,193.847,0.136451,1.98972
4.73976e+008,4.70349,1.96126e+030,0,25.9722,1.82012e+006,191.211,0.13583,1.99011
4.74672e+008,4.71039,1.96163e+030,0,25.5015,1.81182e+006,188.606,0.13521,1.99048
4.75368e+008,4.7173,1.962e+030,0,25.0385,1.80354e+006,186.032,0.134593,1.99086
4.76064e+008,4.72421,1.96237e+030,0,24.5831,1.79528e+006,183.489,0.133976,1.99123
4.7676e+008,4.73111,1.96274e+030,0,24.1352,1.78705e+006,180.975,0.133362,1.9916
4.77456e+008,4.73802,1.9631e+030,0,23.6946,1.77884e+006,178.492,0.132749,1.99196
4.78152e+008,4.74493,1.96345e+030,0,23.2612,1.77065e+006,176.038,0.132138,1.99232
4.78848e+008,4.75183,1.9638e+030,0,22.835,1.76248e+006,173.613,0.131528,1.99267
4.79544e+008,4.75874,1.96415e+030,0,22.4158,1.75433e+006,171.217,0.13092,1.99302
4.8024e+008,4.76565,1.9645e+030,0,22.0035,1.74621e+006,168.85,0.130314,1.99337
4.80936e+008,4.77255,1.96484e+030,0,21.598,1.73811e+006,166.51,0.12971,1.99371
4.81632e+008,4.77946,1.96517e+030,0,21.1992,1.73003e+006,164.199,0.129107,1.99405
4.82328e+008,4.78637,1.96551e+030,0,20.8071,1.72197e+006,161.916,0.128505,1.99439
4.83024e+008,4.79327,1.96584e+030,0,20.4214,1.71394e+006,159.66,0.127906,1.99472
4.8372e+008,4.80018,1.96616e+030,0,20.0422,1.70592e+006,157.431,0.127308,1.99505
4.84416e+008,4.80709,1.96648e+030,0,19.6692,1.69793e+006,155.229,0.126711,1.99537
4.85112e+008,4.81399,1.9668e+030,0,19.3025,1.68996e+006,153.053,0.126117,1.9957
4.85808e+008,4.8209,1.96712e+030,0,18.9419,1.68201e+006,150.904,0.125523,1.99601
4.86504e+008,4.82781,1.96743e+030,0,18.5874,1.67409e+006,148.78,0.124932,1.99633
4.872e+008,4.83471,1.96774e+030,0,18.2387,1.66618e+006,146.682,0.124342,1.99664
4.87896e+008,4.84162,1.96804e+030,0,17.896,1.6583e+006,144.61,0.123754,1.99694
4.88592e+008,4.84853,1.96834e+030,0,17.559,1.65043e+006,142.562,0.123167,1.99725
4.89288e+008,4.85543,1.96864e+030,0,17.2276,1.64259e+006,140.54,0.122582,1.99755
4.89984e+008,4.86234,1.96893e+030,0,16.9018,1.63477e+006,138.542,0.121998,1.99784
4.9068e+008,4.86925,1.96923e+030,0,16.5816,1.62697e+006,136.569,0.121416,1.99814
4.91376e+008,4.87615,1.96951e+030,0,16.2667,1.61919e+006,134.619,0.120835,1.99843
4.92072e+008,4.88306,1.9698e+030,0,15.9572,1.61144e+006,132.693,0.120256,1.99871
4.92768e+008,4.88997,1.97008e+030,0,15.653,1.6037e+006,130.791,0.119679,1.999
4.93464e+008,4.89687,1.97036e+030,0,15.3539,1.59598e+006,128.912,0.119103,1.99928
4.9416e+008,4.90378,1.97063e+030,0,15.0598,1.58829e+006,127.056,0.118529,1.99955
4.94856e+008,4.91069,1.9709e+030,0,14.7709,1.58061e+006,125.223,0.117956,1.99983
4.95552e+008,4.91759,1.97117e+030,0,14.4868,1.57296e+006,123.413,0.117385,2.0001
4.96248e+008,4.9245,1.97143e+030,0,14.2076,1.56532e+006,121.625,0.116815,2.00036
4.96944e+008,4.93141,1.9717e+030,0,13.9332,1.55771e+006,119.859,0.116247,2.00063
4.9764e+008,4.93831,1.97196e+030,0,13.6635,1.55012e+006,118.114,0.11568,2.00089
4.98336e+008,4.94522,1.97221e+030,0,13.3984,1.54254e+006,116.391,0.115115,2.00115
4.99032e+008,4.95213,1.97246e+030,0,13.1379,1.53499e+006,114.69,0.114551,2.0014
4.99728e+008,4.95903,1.97271e+030,0,12.8819,1.52746e+006,113.01,0.113989,2.00165
5.00424e+008,4.96594,1.97296e+030,0,12.6303,1.51994e+006,111.35,0.113429,2.0019
5.0112e+008,4.97285,1.9732e+030,0,12.3831,1.51245e+006,109.712,0.112869,2.00215
5.01816e+008,4.97975,1.97345e+030,0,12.1401,1.50498e+006,108.093,0.112312,2.00239
5.02512e+008,4.98666,1.97368e+030,0,11.9014,1.49752e+006,106.495,0.111755,2.00263
5.03208e+008,4.99357,1.97392e+030,0,11.6669,1.49009e+006,104.917,0.111201,2.00287
5.03904e+008,5.00048,1.97415e+030,0,11.4364,1.48267e+006,103.359,0.110647,2.0031
5.046e+008,5.00738,1.97438e+030,0,11.21,1.47528e+006,101.82,0.110096,2.00333
5.05296e+008,5.01429,1.97461e+030,0,10.9875,1.46791e+006,100.301,0.109545,2.00356
5.05992e+008,5.0212,1.97483e+030,0,10.7689,1.46055e+006,98.8006,0.108996,2.00378
5.06688e+008,5.0281,1.97505e+030,0,10.5542,1.45321e+006,97.3192,0.108449,2.00401
5.07384e+008,5.03501,1.97527e+030,0,10.3432,1.4459e+006,95.8566,0.107903,2.00423
5.0808e+008,5.04192,1.97549e+030,0,10.136,1.4386e+006,94.4125,0.107358,2.00444
5.08776e+008,5.04882,1.9757e+030,0,9.93238,1.43132e+006,92.9868,0.106815,2.00466
5.09472e+008,5.05573,1.97591e+030,0,9.73241,1.42406e+006,91.5791,0.106273,2.00487
5.10168e+008,5.06264,1.97612e+030,0,9.53599,1.41682e+006,90.1894,0.105733,2.00508
5.10864e+008,5.06954,1.97632e+030,0,9.34305,1.4096e+006,88.8173,0.105194,2.00529
5.1156e+008,5.07645,1.97653e+030,0,9.15356,1.4024e+006,87.4628,0.104657,2.00549
5.12256e+008,5.08336,1.97673e+030,0,8.96744,1.39521e+006,86.1257,0.10412,2.00569
5.12952e+008,5.09026,1.97692e+030,0,8.78466,1.38805e+006,84.8056,0.103586,2.00589
5.13648e+008,5.09717,1.97712e+030,0,8.60514,1.3809e+006,83.5025,0.103052,2.00609
5.14344e+008,5.10408,1.97731e+030,0,8.42885,1.37378e+006,82.2162,0.102521,2.00628
5.1504e+008,5.11098,1.9775e+030,0,8.25574,1.36667e+006,80.9465,0.10199,2.00647
5.15736e+008,5.11789,1.97769e+030,0,8.08574,1.35958e+006,79.6931,0.101461,2.00666
5.16432e+008,5.1248,1.97788e+030,0,7.91881,1.3525e+006,78.456,0.100933,2.00685
5.17128e+008,5.1317,1.97806e+030,0,7.75491,1.34545e+006,77.2349,0.100407,2.00703
5.17824e+008,5.13861,1.97824e+030,0,7.59398,1.33842e+006,76.0297,0.0998818,2.00721
5.1852e+008,5.14552,1.97842e+030,0,7.43597,1.3314e+006,74.8401,0.0993581,2.00739
5.19216e+008,5.15242,1.97859e+030,0,7.28084,1.3244e+006,73.6661,0.0988358,2.00757
5.19912e+008,5.15933,1.97877e+030,0,7.12855,1.31742e+006,72.5073,0.0983149,2.00774
5.20608e+008,5.16624,1.97894e+030,0,6.97904,1.31046e+006,71.3638,0.0977953,2.00792
5.21304e+008,5.17314,1.97911e+030,0,6.83227,1.30351e+006,70.2352,0.097277,2.00809
5.22e+008,5.18005,1.97928e+030,0,6.6882,1.29658e+006,69.1215,0.0967601,2.00826
5.22696e+008,5.18696,1.97944e+030,0,6.54678,1.28968e+006,68.0224,0.0962445,2.00842
5.23392e+008,5.19386,1.9796e+030,0,6.40798,1.28279e+006,66.9379,0.0957302,2.00858
5.24088e+008,5.20077,1.97976e+030,0,6.27174,1.27591e+006,65.8676,0.0952173,2.00875
5.24784e+008,5.20768,1.97992e+030,0,6.13802,1.26906e+006,64.8116,0.0947057,2.0089
5.2548e+008,5.21458,1.98008e+030,0,6.0068,1.26222e+006,63.7695,0.0941954,2.00906
5.26176e+008,5.22149,1.98023e+030,0,5.87801,1.2554e+006,62.7414,0.0936864,2.00922
5.26872e+008,5.2284,1.98038e+030,0,5.75163,1.24859e+006,61.7269,0.0931787,2.00937
5.27568e+008,5.2353,1.98053e+030,0,5.62762,1.24181e+006,60.726,0.0926723,2.00952
5.28264e+008,5.24221,1.98068e+030,0,5.50593,1.23504e+006,59.7385,0.0921672,2.00967
5.2896e+008,5.24912,1.98083e+030,0,5.38653,1.22829e+006,58.7642,0.0916634,2.00982
5.29656e+008,5.25602,1.98097e+030,0,5.26938,1.22156e+006,57.803,0.0911609,2.00996
5.30352e+008,5.26293,1.98111e+030,0,5.15444,1.21484e+006,56.8548,0.0906597,2.0101
5.31048e+008,5.26984,1.98125e+030,0,5.04168,1.20814e+006,55.9194,0.0901597,2.01024
5.31744e+008,5.27674,1.98139e+030,0,4.93106,1.20146e+006,54.9966,0.0896611,2.01038
5.3244e+008,5.28365,1.98153e+030,0,4.82254,1.19479e+006,54.0864,0.0891637,2.01052
5.33136e+008,5.29056,1.98166e+030,0,4.7161,1.18814e+006,53.1885,0.0886675,2.01065
5.33832e+008,5.29746,1.98179e+030,0,4.61168,1.18151e+006,52.3029,0.0881726,2.01079
5.34528e+008,5.30437,1.98192e+030,0,4.50928,1.1749e+006,51.4294,0.087679,2.01092
5.35224e+008,5.31128,1.98205e+030,0,4.40884,1.1683e+006,50.5678,0.0871866,2.01105
5.3592e+008,5.31818,1.98218e+030,0,4.31033,1.16172e+006,49.7181,0.0866955,2.01117
5.36616e+008,5.32509,1.9823e+030,0,4.21373,1.15516e+006,48.88,0.0862056,2.0113
5.37312e+008,5.332,1.98243e+030,0,4.119,1.14861e+006,48.0535,0.085717,2.01142
5.38008e+008,5.3389,1.98255e+030,0,4.02611,1.14208e+006,47.2384,0.0852295,2.01154
5.38704e+008,5.34581,1.98267e+030,0,3.93502,1.13556e+006,46.4346,0.0847434,2.01166
5.394e+008,5.35272,1.98278e+030,0,3.84572,1.12906e+006,45.642,0.0842584,2.01178
5.40096e+008,5.35963,1.9829e+030,0,3.75816,1.12258e+006,44.8603,0.0837747,2.0119
5.40792e+008,5.36653,1.98302e+030,0,3.67232,1.11611e+006,44.0897,0.0832921,2.01201
5.41488e+008,5.37344,1.98313e+030,0,3.58817,1.10967e+006,43.3297,0.0828108,2.01213
5.42184e+008,5.38035,1.98324e+030,0,3.50568,1.10323e+006,42.5805,0.0823307,2.01224
5.4288e+008,5.38725,1.98335e+030,0,3.42482,1.09681e+006,41.8418,0.0818518,2.01235
5.43576e+008,5.39416,1.98346e+030,0,3.34557,1.09041e+006,41.1134,0.0813741,2.01246
5.44272e+008,5.40107,1.98356e+030,0,3.26789,1.08403e+006,40.3954,0.0808976,2.01256
5.44968e+008,5.40797,1.98367e+030,0,3.19177,1.07766e+006,39.6876,0.0804223,2.01267
5.45664e+008,5.41488,1.98377e+030,0,3.11716,1.07131e+006,38.9898,0.0799482,2.01277
5.4636e+008,5.42179,1.98387e+030,0,3.04406,1.06497e+006,38.3019,0.0794753,2.01287
5.47056e+008,5.42869,1.98397e+030,0,2.97242,1.05865e+006,37.6239,0.0790035,2.01297
5.47752e+008,5.4356,1.98407e+030,0,2.90223,1.05234e+006,36.9556,0.0785329,2.01307
5.48448e+008,5.44251,1.98417e+030,0,2.83346,1.04605e+006,36.2968,0.0780635,2.01317
5.49144e+008,5.44941,1.98426e+030,0,2.76608,1.03978e+006,35.6476,0.0775953,2.01327
5.4984e+008,5.45632,1.98436e+030,0,2.70008,1.03352e+006,35.0077,0.0771282,2.01336
5.50536e+008,5.46323,1.98445e+030,0,2.63543,1.02727e+006,34.3771,0.0766623,2.01345
5.51232e+008,5.47013,1.98454e+030,0,2.5721,1.02105e+006,33.7557,0.0761975,2.01355
5.51928e+008,5.47704,1.98463e+030,0,2.51007,1.01483e+006,33.1432,0.0757339,2.01364
5.52624e+008,5.48395,1.98472e+030,0,2.44931,1.00864e+006,32.5398,0.0752714,2.01372
5.5332e+008,5.49085,1.98481e+030,0,2.38982,1.00245e+006,31.9451,0.0748101,2.01381
5.54016e+008,5.49776,1.98489e+030,0,2.33155,996288,31.3592,0.0743499,2.0139
5.54712e+008,5.50467,1.98498e+030,0,2.2745,990137,30.7819,0.0738908,2.01398
5.55408e+008,5.51157,1.98506e+030,0,2.21864,984001,30.2132,0.0734329,2.01406
5.56104e+008,5.51848,1.98514e+030,0,2.16395,977880,29.6528,0.0729761,2.01415
5.568e+008,5.52539,1.98522e+030,0,2.1104,971774,29.1008,0.0725204,2.01423
5.57496e+008,5.53229,1.9853e+030,0,2.05799,965683,28.557,0.0720659,2.01431
5.58192e+008,5.5392,1.98538e+030,0,2.00668,959606,28.0214,0.0716124,2.01438
5.58888e+008,5.54611,1.98545e+030,0,1.95646,953545,27.4938,0.0711601,2.01446
5.59584e+008,5.55301,1.98553e+030,0,1.9073,947499,26.9741,0.0707089,2.01454
5.6028e+008,5.55992,1.9856e+030,0,1.8592,941467,26.4622,0.0702588,2.01461
5.60976e+008,5.56683,1.98567e+030,0,1.81213,935450,25.9581,0.0698097,2.01468
5.61672e+008,5.57373,1.98575e+030,0,1.76606,929448,25.4616,0.0693618,2.01475
5.62368e+008,5.58064,1.98582e+030,0,1.72099,923461,24.9727,0.068915,2.01482
5.63064e+008,5.58755,1.98589e+030,0,1.6769,917488,24.4913,0.0684692,2.01489
5.6376e+008,5.59445,1.98595e+030,0,1.63376,911529,24.0172,0.0680246,2.01496
5.64456e+008,5.60136,1.98602e+030,0,1.59156,905586,23.5504,0.067581,2.01503
5.65152e+008,5.60827,1.98609e+030,0,1.55028,899656,23.0908,0.0671385,2.01509
5.65848e+008,5.61517,1.98615e+030,0,1.50991,893741,22.6384,0.0666971,2.01516
5.66544e+008,5.62208,1.98621e+030,0,1.47043,887840,22.1929,0.0662567,2.01522
5.6724e+008,5.62899,1.98628e+030,0,1.43182,881954,21.7544,0.0658174,2.01528
5.67936e+008,5.63589,1.98634e+030,0,1.39407,876082,21.3228,0.0653792,2.01535
5.68632e+008,5.6428,1.9864e+030,0,1.35715,870224,20.8979,0.0649421,2.01541
5.69328e+008,5.64971,1.98646e+030,0,1.32106,864380,20.4797,0.0645059,2.01547
5.70024e+008,5.65661,1.98651e+030,0,1.28578,858550,20.0681,0.0640709,2.01552
5.7072e+008,5.66352,1.98657e+030,0,1.2513,852734,19.6631,0.0636369,2.01558
5.71416e+008,5.67043,1.98663e+030,0,1.21759,846932,19.2644,0.0632039,2.01564
5.72112e+008,5.67733,1.98668e+030,0,1.18464,841145,18.8722,0.062772,2.01569
5.72808e+008,5.68424,1.98674e+030,0,1.15245,835371,18.4862,0.0623411,2.01575
5.73504e+008,5.69115,1.98679e+030,0,1.12099,829611,18.1064,0.0619113,2.0158
5.742e+008,5.69806,1.98684e+030,0,1.09026,823865,17.7328,0.0614824,2.01585
5.74896e+008,5.70496,1.98689e+030,0,1.06023,818132,17.3652,0.0610546,2.0159
5.75592e+008,5.71187,1.98694e+030,0,1.03089,812413,17.0036,0.0606279,2.01595
5.76288e+008,5.71878,1.98699e+030,0,1.00224,806708,16.6479,0.0602021,2.016
5.76984e+008,5.72568,1.98704e+030,0,0.974253,801017,16.298,0.0597774,2.01605
5.7768e+008,5.73259,1.98709e+030,0,0.946922,795339,15.9539,0.0593536,2.0161
5.78376e+008,5.7395,1.98713e+030,0,0.920233,789674,15.6154,0.0589309,2.01614
5.79072e+008,5.7464,1.98718e+030,0,0.894174,784024,15.2826,0.0585092,2.01619
5.79768e+008,5.75331,1.98723e+030,0,0.868732,778386,14.9553,0.0580885,2.01623
5.80464e+008,5.76022,1.98727e+030,0,0.843895,772762,14.6335,0.0576688,2.01628
5.8116e+008,5.76712,1.98731e+030,0,0.819652,767151,14.317,0.0572501,2.01632
5.81856e+008,5.77403,1.98735e+030,0,0.795991,761554,14.0059,0.0568324,2.01636
5.82552e+008,5.78094,1.9874e+030,0,0.772899,755970,13.7001,0.0564157,2.01641
5.83248e+008,5.78784,1.98744e+030,0,0.750367,750399,13.3994,0.0559999,2.01645
5.83944e+008,5.79475,1.98748e+030,0,0.728383,744841,13.1039,0.0555851,2.01649
5.8464e+008,5.80166,1.98752e+030,0,0.706935,739296,12.8134,0.0551714,2.01652
5.85336e+008,5.80856,1.98755e+030,0,0.686013,733765,12.528,0.0547586,2.01656
5.86032e+008,5.81547,1.98759e+030,0,0.665607,728246,12.2474,0.0543467,2.0166
5.86728e+008,5.82238,1.98763e+030,0,0.645706,722740,11.9717,0.0539359,2.01664
5.87424e+008,5.82928,1.98766e+030,0,0.6263,717248,11.7009,0.053526,2.01667
5.8812e+008,5.83619,1.9877e+030,0,0.607378,711768,11.4347,0.053117,2.01671
5.88816e+008,5.8431,1.98773e+030,0,0.588932,706301,11.1733,0.052709,2.01674
5.89512e+008,5.85,1.98777e+030,0,0.57095,700847,10.9164,0.052302,2.01678
5.90208e+008,5.85691,1.9878e+030,0,0.553424,695406,10.6641,0.0518959,2.01681
5.90904e+008,5.86382,1.98783e+030,0,0.536345,689977,10.4163,0.0514908,2.01684
5.916e+008,5.87072,1.98787e+030,0,0.519702,684561,10.173,0.0510867,2.01687
5.92296e+008,5.87763,1.9879e+030,0,0.503487,679158,9.93396,0.0506834,2.01691
5.92992e+008,5.88454,1.98793e+030,0,0.487691,673767,9.69928,0.0502811,2.01694
5.93688e+008,5.89144,1.98796e+030,0,0.472305,668389,9.46887,0.0498798,2.01697
5.94384e+008,5.89835,1.98799e+030,0,0.457321,663023,9.24265,0.0494794,2.01699
5.9508e+008,5.90526,1.98801e+030,0,0.442729,657670,9.02059,0.0490799,2.01702
5.95776e+008,5.91216,1.98804e+030,0,0.428522,652329,8.8026,0.0486813,2.01705
5.96472e+008,5.91907,1.98807e+030,0,0.414692,647001,8.58866,0.0482837,2.01708
5.97168e+008,5.92598,1.9881e+030,0,0.40123,641685,8.37869,0.0478869,2.0171
5.97864e+008,5.93288,1.98812e+030,0,0.388128,636381,8.17264,0.0474912,2.01713
5.9856e+008,5.93979,1.98815e+030,0,0.375379,631090,7.97047,0.0470963,2.01716
5.99256e+008,5.9467,1.98817e+030,0,0.362976,625811,7.77211,0.0467023,2.01718
5.99952e+008,5.9536,1.9882e+030,0,0.350909,620544,7.57752,0.0463092,2.01721
6.00648e+008,5.96051,1.98822e+030,0,0.339173,615289,7.38664,0.0459171,2.01723
6.01344e+008,5.96742,1.98825e+030,0,0.32776,610046,7.19942,0.0455258,2.01725
6.0204e+008,5.97432,1.98827e+030,0,0.316662,604815,7.01582,0.0451355,2.01728
6.02736e+008,5.98123,1.98829e+030,0,0.305873,599596,6.83577,0.044746,2.0173
6.03432e+008,5.98814,1.98831e+030,0,0.295386,594390,6.65923,0.0443574,2.01732
6.04128e+008,5.99504,1.98833e+030,0,0.285194,589195,6.48615,0.0439698,2.01734
6.04824e+008,6.00195,1.98835e+030,0,0.275291,584012,6.31648,0.043583,2.01736
6.0552e+008,6.00886,1.98837e+030,0,0.26567,578841,6.15018,0.0431971,2.01738
6.06216e+008,6.01576,1.98839e+030,0,0.256324,573682,5.98719,0.0428121,2.0174
6.06912e+008,6.02267,1.98841e+030,0,0.247247,568534,5.82746,0.0424279,2.01742
6.07608e+008,6.02958,1.98843e+030,0,0.238434,563398,5.67096,0.0420446,2.01744
6.08304e+008,6.03649,1.98845e+030,0,0.229877,558274,5.51763,0.0416623,2.01746
6.09e+008,6.04339,1.98847e+030,0,0.221572,553162,5.36744,0.0412807,2.01747
6.09696e+008,6.0503,1.98849e+030,0,0.213511,548061,5.22032,0.0409001,2.01749
6.10392e+008,6.05721,1.9885e+030,0,0.205691,542972,5.07624,0.0405203,2.01751
6.11088e+008,6.06411,1.98852e+030,0,0.198104,537894,4.93516,0.0401414,2.01752
6.11784e+008,6.07102,1.98853e+030,0,0.190745,532828,4.79702,0.0397633,2.01754
6.1248e+008,6.07793,1.98855e+030,0,0.18361,527773,4.66179,0.0393861,2.01756
6.13176e+008,6.08483,1.98857e+030,0,0.176692,522730,4.52942,0.0390097,2.01757
6.13872e+008,6.09174,1.98858e+030,0,0.169986,517698,4.39988,0.0386342,2.01759
6.14568e+008,6.09865,1.9886e+030,0,0.163487,512678,4.27311,0.0382595,2.0176
6.15264e+008,6.10555,1.98861e+030,0,0.157191,507669,4.14908,0.0378857,2.01761
6.1596e+008,6.11246,1.98862e+030,0,0.151092,502671,4.02774,0.0375127,2.01763
6.16656e+008,6.11937,1.98864e+030,0,0.145185,497684,3.90905,0.0371406,2.01764
6.17352e+008,6.12627,1.98865e+030,0,0.139465,492709,3.79298,0.0367693,2.01765
6.18048e+008,6.13318,1.98866e+030,0,0.133929,487744,3.67949,0.0363988,2.01767
6.18744e+008,6.14009,1.98867e+030,0,0.128571,482791,3.56852,0.0360292,2.01768
6.1944e+008,6.14699,1.98869e+030,0,0.123387,477849,3.46005,0.0356604,2.01769
6.20136e+008,6.1539,1.9887e+030,0,0.118372,472918,3.35404,0.0352924,2.0177
6.20832e+008,6.16081,1.98871e+030,0,0.113523,467998,3.25045,0.0349252,2.01771
6.21528e+008,6.16771,1.98872e+030,0,0.108834,463089,3.14923,0.0345589,2.01772
6.22224e+008,6.17462,1.98873e+030,0,0.104302,458191,3.05036,0.0341934,2.01773
6.2292e+008,6.18153,1.98874e+030,0,0.0999228,453304,2.95379,0.0338287,2.01775
6.23616e+008,6.18843,1.98875e+030,0,0.0956921,448428,2.85949,0.0334648,2.01776
6.24312e+008,6.19534,1.98876e+030,0,0.0916062,443563,2.76742,0.0331017,2.01776
6.25008e+008,6.20225,1.98877e+030,0,0.0876612,438708,2.67755,0.0327394,2.01777
6.25704e+008,6.20915,1.98878e+030,0,0.0838534,433864,2.58983,0.0323779,2.01778
6.264e+008,6.21606,1.98879e+030,0,0.080179,429031,2.50424,0.0320172,2.01779
6.27096e+008,6.22297,1.9888e+030,0,0.0766344,424209,2.42075,0.0316574,2.0178
6.27792e+008,6.22987,1.98881e+030,0,0.0732161,419397,2.3393,0.0312983,2.01781
6.28488e+008,6.23678,1.98881e+030,0,0.0699207,414596,2.25988,0.03094,2.01782
6.29184e+008,6.24369,1.98882e+030,0,0.0667447,409806,2.18245,0.0305825,2.01782
6.2988e+008,6.25059,1.98883e+030,0,0.0636847,405026,2.10697,0.0302258,2.01783
6.30576e+008,6.2575,1.98884e+030,0,0.0607376,400256,2.03341,0.0298699,2.01784
6.31272e+008,6.26441,1.98884e+030,0,0.0579001,395497,1.96174,0.0295147,2.01785
6.31968e+008,6.27131,1.98885e+030,0,0.0551692,390749,1.89192,0.0291604,2.01785
6.32664e+008,6.27822,1.98886e+030,0,0.0525416,386011,1.82393,0.0288068,2.01786
6.3336e+008,6.28513,1.98886e+030,0,0.0500146,381283,1.75774,0.028454,2.01787
6.34056e+008,6.29203,1.98887e+030,0,0.047585,376566,1.6933,0.0281019,2.01787
6.34752e+008,6.29894,1.98888e+030,0,0.0452501,371859,1.63059,0.0277507,2.01788
6.35448e+008,6.30585,1.98888e+030,0,0.0430069,367162,1.56959,0.0274002,2.01788
6.36144e+008,6.31275,1.98889e+030,0,0.0408529,362476,1.51025,0.0270505,2.01789
6.3684e+008,6.31966,1.98889e+030,0,0.0387852,357800,1.45255,0.0267015,2.01789
6.37536e+008,6.32657,1.9889e+030,0,0.0368013,353134,1.39646,0.0263533,2.0179
6.38232e+008,6.33347,1.9889e+030,0,0.0348986,348478,1.34195,0.0260058,2.0179
6.38928e+008,6.34038,1.98891e+030,0,0.0330745,343833,1.28899,0.0256591,2.01791
6.39624e+008,6.34729,1.98891e+030,0,0.0313266,339197,1.23756,0.0253132,2.01791
6.4032e+008,6.35419,1.98892e+030,0,0.0296525,334571,1.18762,0.024968,2.01792
6.41016e+008,6.3611,1.98892e+030,0,0.0280498,329956,1.13914,0.0246236,2.01792
6.41712e+008,6.36801,1.98892e+030,0,0.0265162,325350,1.09211,0.0242799,2.01793
6.42408e+008,6.37491,1.98893e+030,0,0.0250495,320755,1.04648,0.0239369,2.01793
6.43104e+008,6.38182,1.98893e+030,0,0.0236475,316169,1.00224,0.0235947,2.01793
6.438e+008,6.38873,1.98894e+030,0,0.022308,311594,0.959348,0.0232533,2.01794
6.44496e+008,6.39564,1.98894e+030,0,0.0210289,307028,0.917791,0.0229125,2.01794
6.45192e+008,6.40254,1.98894e+030,0,0.0198082,302472,0.877537,0.0225725,2.01794
6.45888e+008,6.40945,1.98895e+030,0,0.0186439,297926,0.83856,0.0222333,2.01795
6.46584e+008,6.41636,1.98895e+030,0,0.0175341,293389,0.800835,0.0218947,2.01795
6.4728e+008,6.42326,1.98895e+030,0,0.0164767,288863,0.764336,0.0215569,2.01795
6.47976e+008,6.43017,1.98895e+030,0,0.0154701,284346,0.729038,0.0212198,2.01795
6.48672e+008,6.43708,1.98896e+030,0,0.0145123,279839,0.694916,0.0208835,2.01796
6.49368e+008,6.44398,1.98896e+030,0,0.0136015,275341,0.661946,0.0205478,2.01796
6.50064e+008,6.45089,1.98896e+030,0,0.0127362,270853,0.630102,0.0202129,2.01796
6.5076e+008,6.4578,1.98896e+030,0,0.0119145,266375,0.599361,0.0198787,2.01796
6.51456e+008,6.4647,1.98897e+030,0,0.0111349,261906,0.569698,0.0195452,2.01797
6.52152e+008,6.47161,1.98897e+030,0,0.0103957,257446,0.541091,0.0192124,2.01797
6.52848e+008,6.47852,1.98897e+030,0,0.00969536,252997,0.513516,0.0188803,2.01797
6.53544e+008,6.48542,1.98897e+030,0,0.00903242,248556,0.48695,0.018549,2.01797
6.5424e+008,6.49233,1.98897e+030,0,0.00840537,244125,0.461369,0.0182183,2.01797
6.54936e+008,6.49924,1.98898e+030,0,0.00781277,239704,0.436752,0.0178883,2.01798
6.55632e+008,6.50614,1.98898e+030,0,0.00725324,235292,0.413076,0.0175591,2.01798
6.56328e+008,6.51305,1.98898e+030,0,0.0067254,230889,0.390319,0.0172305,2.01798
6.57024e+008,6.51996,1.98898e+030,0,0.00622793,226496,0.368459,0.0169027,2.01798
6.5772e+008,6.52686,1.98898e+030,0,0.00575955,222111,0.347474,0.0165755,2.01798
6.58416e+008,6.53377,1.98898e+030,0,0.005319,217736,0.327343,0.016249,2.01798
6.59112e+008,6.54068,1.98898e+030,0,0.00490507,213371,0.308046,0.0159232,2.01798
6.59808e+008,6.54758,1.98899e+030,0,0.00451658,209014,0.28956,0.0155981,2.01799
6.60504e+008,6.55449,1.98899e+030,0,0.00415238,204667,0.271865,0.0152737,2.01799
6.612e+008,6.5614,1.98899e+030,0,0.00381136,200329,0.254942,0.0149499,2.01799
6.61896e+008,6.5683,1.98899e+030,0,0.00349244,196000,0.238769,0.0146269,2.01799
6.62592e+008,6.57521,1.98899e+030,0,0.00319457,191680,0.223327,0.0143045,2.01799
6.63288e+008,6.58212,1.98899e+030,0,0.00291674,187369,0.208595,0.0139828,2.01799
6.63984e+008,6.58902,1.98899e+030,0,0.00265796,183067,0.194555,0.0136617,2.01799
6.6468e+008,6.59593,1.98899e+030,0,0.00241728,178774,0.181187,0.0133414,2.01799
6.65376e+008,6.60284,1.98899e+030,0,0.00219378,174491,0.168471,0.0130217,2.01799
6.66072e+008,6.60974,1.98899e+030,0,0.00198657,170216,0.15639,0.0127027,2.01799
6.66768e+008,6.61665,1.98899e+030,0,0.00179478,165950,0.144924,0.0123843,2.01799
6.67464e+008,6.62356,1.98899e+030,0,0.00161758,161693,0.134054,0.0120666,2.01799
6.6816e+008,6.63046,1.989e+030,0,0.00145416,157444,0.123763,0.0117496,2.01799
6.68856e+008,6.63737,1.989e+030,0,0.00130375,153205,0.114032,0.0114332,2.01799
6.69552e+008,6.64428,1.989e+030,0,0.0011656,148974,0.104844,0.0111175,2.018
6.70248e+008,6.65118,1.989e+030,0,0.00103898,144752,0.0961807,0.0108024,2.018
6.70944e+008,6.65809,1.989e+030,0,0.000923204,140539,0.0880247,0.010488,2.018
6.7164e+008,6.665,1.989e+030,0,0.00081759,136335,0.0803587,0.0101743,2.018
6.72336e+008,6.6719,1.989e+030,0,0.000721497,132139,0.0731657,0.00986115,2.018
6.73032e+008,6.67881,1.989e+030,0,0.000634307,127952,0.0664287,0.00954869,2.018
6.73728e+008,6.68572,1.989e+030,0,0.000555424,123774,0.0601312,0.00923687,2.018
6.74424e+008,6.69262,1.989e+030,0,0.000484277,119604,0.0542565,0.0089257,2.018
6.7512e+008,6.69953,1.989e+030,0,0.00042032,115443,0.0487884,0.00861517,2.018
6.75816e+008,6.70644,1.989e+030,0,0.000363029,111291,0.0437107,0.00830528,2.018
6.76512e+008,6.71334,1.989e+030,0,0.000311904,107147,0.0390074,0.00799603,2.018
6.77208e+008,6.72025,1.989e+030,0,0.000266468,103011,0.0346629,0.00768741,2.018
6.77904e+008,6.72716,1.989e+030,0,0.000226263,98884.3,0.0306614,0.00737942,2.018
6.786e+008,6.73407,1.989e+030,0,0.000190858,94765.7,0.0269876,0.00707207,2.018
6.79296e+008,6.74097,1.989e+030,0,0.000159839,90655.6,0.0236262,0.00676534,2.018
6.79992e+008,6.74788,1.989e+030,0,0.000132817,86553.9,0.0205622,0.00645925,2.018
6.80688e+008,6.75479,1.989e+030,0,0.000109419,82460.6,0.0177807,0.00615378,2.018
6.81384e+008,6.76169,1.989e+030,0,8.92955e-005,78375.6,0.015267,0.00584893,2.018
6.8208e+008,6.7686,1.989e+030,0,7.2117e-005,74299,0.0130065,0.0055447,2.018
6.82776e+008,6.77551,1.989e+030,0,5.75722e-005,70230.7,0.0109848,0.0052411,2.018
6.83472e+008,6.78241,1.989e+030,0,4.53698e-005,66170.7,0.00918769,0.00493811,2.018
6.84168e+008,6.78932,1.989e+030,0,3.52371e-005,62118.9,0.00760118,0.00463574,2.018
6.84864e+008,6.79623,1.989e+030,0,2.69198e-005,58075.3,0.00621134,0.00433398,2.018
6.8556e+008,6.80313,1.989e+030,0,2.01821e-005,54040,0.00500444,0.00403283,2.018
6.86256e+008,6.81004,1.989e+030,0,1.48058e-005,50012.8,0.00396693,0.0037323,2.018
6.86952e+008,6.81695,1.989e+030,0,1.05902e-005,45993.8,0.00308538,0.00343237,2.018
6.87648e+008,6.82385,1.989e+030,0,7.35185e-006,41982.9,0.00234654,0.00313305,2.018
6.88344e+008,6.83076,1.989e+030,0,4.92417e-006,37980.2,0.00173732,0.00283434,2.018
6.8904e+008,6.83767,1.989e+030,0,3.15703e-006,33985.5,0.00124477,0.00253623,2.018
6.89736e+008,6.84457,1.989e+030,0,1.91657e-006,29998.9,0.000856099,0.00223872,2.018
6.90432e+008,6.85148,1.989e+030,0,1.0848e-006,26020.3,0.000558656,0.00194181,2.018
6.91128e+008,6.85839,1.989e+030,0,5.59389e-007,22049.7,0.000339951,0.0016455,2.018
6.91824e+008,6.86529,1.989e+030,0,2.53267e-007,18087.1,0.000187635,0.00134978,2.018
6.9252e+008,6.8722,1.989e+030,0,9.44001e-008,14132.4,8.95077e-005,0.00105466,2.018
6.93216e+008,6.87911,1.989e+030,0,2.54726e-008,10185.7,3.35109e-005,0.000760129,2.018
6.93912e+008,6.88601,1.989e+030,0,3.6039e-009,6246.93,7.73056e-006,0.000466189,2.018
6.94608e+008,6.89292,1.989e+030,0,6.809e-011,2316.03,3.93952e-007,0.000172838,2.018
6.95304e+008,6.89983,1.989e+030,0,1.57824e-011,0,-1.31602e-007,-0.000119926,2.018
6.96e+008,6.897,1.989e+030,0,0,0,0,0,2.018
